rating,observation_year,observed_defaults,expected_defaults,oe_ratio,binomial_lower,binomial_upper,brier,insufficient_defaults
R1,2012,2.0,3.8031088439650804,0.5258855536500558,0.0,0.016797651510590903,0.004428219076440268,True
R1,2013,1.0,72.77443598902298,0.01374108897457943,0.007243874103513813,0.011539049109551867,0.00021807171481780813,True
R1,2014,11.0,323.8250738304563,0.03396895697384824,0.00845353992102481,0.010509104210289605,0.0004087368152738098,True
R1,2015,38.0,632.1481869515612,0.060112487521714233,0.008212284702869192,0.009594204887608858,0.0006081548635123655,False
R1,2016,105.0,1125.4502766020842,0.09329599199798673,0.00801058743197281,0.009000193490354304,0.0008557241159779159,False
R1,2017,231.0,1729.0940607413709,0.13359597100284748,0.008194566624100301,0.009001622978602514,0.0012055016872998662,False
R1,2018,169.0,2189.051250315776,0.07720239531880367,0.008180430042148619,0.008892588748774395,0.000724676485555361,False
R1,2019,4568.0,2771.8587847637755,1.6479916022811731,0.00827516218046059,0.008912261495391,0.013978194435058435,False
R1,2020,2816.0,2787.0823326685095,1.0103756056979498,0.00812313334619007,0.008746803901364612,0.00844086562687598,False
R1,2021,345.0,2291.9889408198087,0.1505242865075077,0.007732520626936363,0.008389910135399492,0.0012605556512374299,False
R1,2022,308.0,2324.9046820694057,0.13247854949728438,0.007704003658586807,0.008354130427629265,0.0011130950710183203,False
R1,2023,352.0,2727.370951564106,0.12906201842405535,0.007836984424365367,0.008445584203351269,0.0011023634226779713,False
R1,2024,498.0,3565.9355172471514,0.13965479678231774,0.008033809254104888,0.008576737269994588,0.0012127318949670166,False
R1,2025,126.0,1006.4136954265683,0.12519702441707622,0.007838912075679796,0.008866713304882059,0.0011010996595489323,False
R2,2012,0.0,7.241573439560979,0.0,0.0031403980875582722,0.01963184543307374,0.0001296437687407417,True
R2,2013,6.0,134.02603924067972,0.044767420077417866,0.009469437154356565,0.01330280636627545,0.0006277634305261639,True
R2,2014,29.0,496.4576809932985,0.05841384091787566,0.010390248367364307,0.012381995153267704,0.0007796048929529719,False
R2,2015,82.0,798.0988186675901,0.10274416912043216,0.010600674711013024,0.012171568809618987,0.001272861105906664,False
R2,2016,152.0,995.3406059215442,0.15271154326037925,0.010682791366385554,0.012089452154246456,0.0018288397945122033,False
R2,2017,283.0,1295.296597575309,0.218482778793485,0.010769582646098853,0.012002660874533158,0.002560665428920074,False
R2,2018,175.0,1453.2904231214538,0.1204163993760626,0.010804060037148424,0.011968183483483583,0.001469497082308824,False
R2,2019,2184.0,1715.9910243754648,1.2727339298262748,0.010850463581337542,0.011921779939294469,0.0142911432156944,False
R2,2020,1377.0,1655.3371537582611,0.8318547051720991,0.01084073823468792,0.011931505285944088,0.00938555317067557,False
R2,2021,313.0,1291.2772965939175,0.24239565028024543,0.010768623854778434,0.012003619665853577,0.0028267399857452038,False
R2,2022,239.0,1168.0794591472982,0.20460936807712618,0.01073687610348093,0.012035367417151078,0.0024062982877738528,False
R2,2023,203.0,1219.4080960428032,0.16647421044584762,0.010750687378941248,0.01202155614169077,0.001981974710748955,False
R2,2024,228.0,1245.926373622579,0.18299636706226968,0.010757486036890947,0.012014757483741064,0.002165814008423591,False
R2,2025,55.0,296.9614416308017,0.18520923018813645,0.010098479519827645,0.012673764000804362,0.0021904361695829337,False
R3,2012,145.0,819.930367432661,0.17684428551417022,0.01443438892826911,0.016537936362882668,0.0028936385725246844,False
R3,2013,260.0,2150.5169481031858,0.12090116296424776,0.014836722150509154,0.016135603140642607,0.002054126975125076,False
R3,2014,408.0,3098.874062355609,0.13166072314983293,0.014945148231121697,0.016027177060030085,0.0022155905321629803,False
R3,2015,386.0,3896.6127587171595,0.09906039524622372,0.015003696132063362,0.015968629159088418,0.001726373053648315,False
R3,2016,549.0,4342.412922795351,0.1264274056292627,0.015029132085742535,0.01594319320540923,0.002137056647189493,False
R3,2017,957.0,4600.8769773500135,0.20800382290404282,0.015042154958192304,0.015930170332959466,0.0033612347991218167,False
R3,2018,514.0,5058.586000502653,0.10160942206951225,0.015062718404339922,0.015909606886811846,0.0017646250761078003,False
R3,2019,9620.0,5177.89139752417,1.857899144929892,0.015067625188599344,0.015904700102552422,0.028120422241689418,False
R3,2020,5806.0,4341.7934762895275,1.3372354147442718,0.015029099484481341,0.01594322580667042,0.02030707146839093,False
R3,2021,819.0,4068.478191757761,0.20130377045136774,0.01501399654482101,0.015958328746330772,0.0032606903267930346,False
R3,2022,1160.0,4900.9058924454,0.23669093540198463,0.01505596045428483,0.01591636483686694,0.0037917285316881044,False
R3,2023,1698.0,5899.051019603348,0.2878429080130542,0.015094041986741986,0.015878283304409782,0.004559341640851591,False
R3,2024,2234.0,6226.366553280241,0.3587967365691087,0.015104487871180643,0.015867837419971127,0.005624111700827334,False
R3,2025,562.0,1589.4223031286813,0.3535875889584141,0.014730738001914417,0.016241587289237358,0.005545940522094112,False
R4,2012,90.0,752.7061594666465,0.11956857117227833,0.015136948167418007,0.017445618309505417,0.0021498629581690096,False
R4,2013,291.0,2038.4305239292828,0.14275688898097336,0.01558983332076077,0.016992733156162648,0.002515321778255756,False
R4,2014,389.0,2848.547165528268,0.13656084221019357,0.01569790321942343,0.016884663257499988,0.0024176691602119244,False
R4,2015,540.0,3337.3182452485967,0.16180656452791348,0.015743074676391862,0.016839491800531556,0.0028155536452611984,False
R4,2016,674.0,3467.273811641806,0.19438903202191896,0.01575344638697468,0.016829120089948746,0.0033290686929723775,False
R4,2017,849.0,3292.9896635567425,0.25782042664628324,0.015739397156363185,0.016843169320560233,0.0043287773750391905,False
R4,2018,505.0,3319.8214070504882,0.15211661655277708,0.015741631931408952,0.016840934545514465,0.0026628354971440713,False
R4,2019,3730.0,3118.3308159571943,1.1961527561196388,0.01572415204863546,0.01685841442828796,0.019117337235556253,False
R4,2020,2480.0,2521.434489383196,0.9835670966040717,0.01566058621545659,0.016921980261466827,0.015766887024597456,False
R4,2021,462.0,2002.0032146080825,0.2307688602240543,0.01558348049714653,0.01699908597977689,0.0039024319355929994,False
R4,2022,543.0,1897.9019147143124,0.28610540712886984,0.015564327877534773,0.01701823859938865,0.004774562001531875,False
R4,2023,714.0,1930.64739402362,0.369824133712976,0.015570519143557116,0.017012047333366302,0.006094008599125069,False
R4,2024,750.0,1799.5351465204806,0.41677429943514815,0.015544723682242328,0.017037842794681096,0.006833965344123116,False
R4,2025,167.0,442.5852917392893,0.3773284000101241,0.01478590325515977,0.017796663221763646,0.006212279373624462,False
R5,2012,82.0,83.64360403068665,0.9803499137832027,0.08997116697663807,0.13548329132709952,0.0982928531222579,False
R5,2013,322.0,458.99666975586115,0.7015301443717898,0.10179935507134916,0.12101456228586499,0.07299925520616375,False
R5,2014,568.0,1077.17897484482,0.5273032738889347,0.10218496607884024,0.11439872243926975,0.056195579218370706,False
R5,2015,933.0,1895.6238134382043,0.4921862625832723,0.10085621594672335,0.10982717537733382,0.0517163928100401,False
R5,2016,1332.0,2700.989776739215,0.4931525515094931,0.0969758929025016,0.10417020307152393,0.04950792094761048,False
R5,2017,2047.0,3550.0431491639742,0.576612709758771,0.09265261319187187,0.09863672318574346,0.05345858119437124,False
R5,2018,2117.0,4552.17720345409,0.465052194891198,0.09010652512994265,0.09523516305270831,0.04356759600415549,False
R5,2019,5883.0,5711.06620831786,1.0301053753205884,0.0867769104672813,0.09118227588189796,0.08233019957672637,False
R5,2020,9634.0,7037.306719300396,1.3689896411048785,0.08523451843435273,0.08912671889671098,0.10431299221838494,False
R5,2021,2226.0,5793.918580828997,0.3841959407861584,0.08073715904433937,0.08481992754514805,0.03318887741140185,False
R5,2022,2185.0,5894.607536885003,0.37067777393618645,0.07918537241202966,0.08315802358309568,0.03159949570279482,False
R5,2023,3022.0,7050.913748128143,0.42859693196534593,0.07971765769527837,0.08336581051631277,0.035264908910431714,False
R5,2024,4327.0,8177.785524852177,0.5291163465769928,0.07807338890553933,0.08138892401873801,0.040753886942450954,False
R5,2025,1156.0,2216.156623559942,0.5216237822320742,0.07574503203151346,0.082050305898633,0.039911484210342144,False
