observation_year,rows,bad_rate,predicted_bad_rate,gini,ks
2012,100980,0.003159041394335512,0.0028113146176668657,0.19195649671034953,0.25111118952003125
2013,287631,0.003059475508550886,0.0031533572790105845,0.4195915303140738,0.35972872885281215
2014,462660,0.0030367872735918384,0.0034056469423158495,0.4686376604198099,0.3842539758174076
2015,615563,0.0032149430683780537,0.003684706500861392,0.558650399852181,0.4440032926565465
2016,739831,0.0038008680360785098,0.003821593839812789,0.5517653375828462,0.4437723340807929
2017,851208,0.005130355917707541,0.0039160290619152955,0.541401032437679,0.42815911938254864
2018,963624,0.003611367089238126,0.004092141654633554,0.6531835349817257,0.5614085904355726
2019,1063205,0.024440253761033856,0.0042644726870250185,0.26191472637981406,0.19335356373288604
2020,991661,0.02229895095198863,0.00496104575177507,0.4693470871408081,0.3624671829950074
2021,853329,0.004880884160739879,0.0047070684947862415,0.5640575899116209,0.45587484241191667
2022,897736,0.004940205138258909,0.004604699320872671,0.5561303719148352,0.41545494738604816
2023,1028003,0.00582585848484878,0.004754655738784404,0.5881160029240853,0.4279162503948153
2024,1153870,0.0069652560513749386,0.00475040477440971,0.6204534180536516,0.4558716828428777
2025,304460,0.006785784667936675,0.004786207921559097,0.6362125735181172,0.4735762023377424
