feature,bin_label,lower,upper,categories,missing,events,non_events,total,bad_rate,woe,iv,suspicious_high_iv
original_credit_score,bin_0,-inf,682.0,,False,326.0,33957.0,34283.0,0.009509086135985766,-1.3955179469193848,0.42161534756635854,True
original_credit_score,bin_1,682.0,707.0,,False,136.0,34829.0,34965.0,0.0038896038896038894,-0.4980576267082648,0.03280416848325682,True
original_credit_score,bin_2,707.0,727.0,,False,101.0,35098.0,35199.0,0.002869399698855081,-0.19409814488333269,0.004275155448374964,True
original_credit_score,bin_3,727.0,759.0,,False,113.0,66827.0,66940.0,0.0016880788766059157,0.33811409463486025,0.018989745825218195,True
original_credit_score,bin_4,759.0,inf,,False,136.0,170615.0,170751.0,0.0007964814261702713,1.0908901311910661,0.3620869034780316,True
original_credit_score,MISSING,,,,True,0.0,30.0,30.0,0.0,-1.9290791557262337,0.0010140337233797815,True
original_dti,bin_0,-inf,29.0,,False,90.0,95275.0,95365.0,0.0009437424631678289,0.9192251030892782,0.15423859645829865,False
original_dti,bin_1,29.0,inf,,False,437.0,198484.0,198921.0,0.002196852016629717,0.07743656472100825,0.0033550833074933693,False
original_dti,MISSING,,,,True,285.0,47597.0,47882.0,0.005952132325299695,-0.9236595311637783,0.19556862977049214,False
original_ltv,bin_0,-inf,48.0,,False,38.0,35384.0,35422.0,0.001072779628479476,0.783417888935576,0.044108672846434,False
original_ltv,bin_1,48.0,79.0,,False,212.0,138446.0,138658.0,0.0015289417127031977,0.439344240131115,0.0633531080035532,False
original_ltv,bin_2,79.0,80.0,,False,118.0,67878.0,67996.0,0.0017353961997764575,0.3106086408095897,0.01649100417821609,False
original_ltv,bin_3,80.0,90.0,,False,96.0,37365.0,37461.0,0.00256266517177865,-0.0809929304628686,0.0007479323189271534,False
original_ltv,bin_4,90.0,95.0,,False,158.0,42696.0,42854.0,0.0036869370420497503,-0.44383538457277455,0.03101442650348855,False
original_ltv,bin_5,95.0,inf,,False,190.0,19580.0,19770.0,0.009610520991401113,-1.4073157624463526,0.24903377619979733,False
original_ltv,MISSING,,,,True,0.0,7.0,7.0,0.0,-3.3319028187973347,0.00197593504545619,False
original_cltv,bin_0,-inf,49.0,,False,35.0,35002.0,35037.0,0.000998943973513714,0.8536890501111655,0.050259952893856076,False
original_cltv,bin_1,49.0,75.0,,False,168.0,112090.0,112258.0,0.0014965525842256231,0.46017309001445306,0.05573169936774686,False
original_cltv,bin_2,75.0,80.0,,False,143.0,86114.0,86257.0,0.0016578364654462826,0.35714502996437236,0.027058849514865136,False
original_cltv,bin_3,80.0,90.0,,False,103.0,41297.0,41400.0,0.0024879227053140095,-0.05096738817567286,0.00032241418392855997,False
original_cltv,bin_4,90.0,95.0,,False,151.0,43953.0,44104.0,0.0034237257391619806,-0.36965110895647646,0.02128664437212285,False
original_cltv,bin_5,95.0,inf,,False,212.0,22893.0,23105.0,0.00917550313784895,-1.3602867018074358,0.26431929924914865,False
original_cltv,MISSING,,,,True,0.0,7.0,7.0,0.0,-3.3319028187973347,0.00197593504545619,False
original_upb,bin_0,-inf,87000.0,,False,107.0,34686.0,34793.0,0.003075331244790619,-0.2633380262228596,0.008061504392336423,False
original_upb,bin_1,87000.0,115000.0,,False,90.0,33841.0,33931.0,0.0026524417199610974,-0.11585973162650975,0.0014109360423851306,False
original_upb,bin_2,115000.0,228000.0,,False,332.0,137260.0,137592.0,0.002412930984359556,-0.016957020817620946,0.00011660662985944652,False
original_upb,bin_3,228000.0,390000.0,,False,221.0,101798.0,102019.0,0.0021662631470608417,0.0903750388311997,0.0023289097419426663,False
original_upb,bin_4,390000.0,inf,,False,62.0,33771.0,33833.0,0.0018325303697573376,0.2522529538738511,0.005564022366485726,False
original_interest_rate,bin_0,-inf,3.375,,False,32.0,44382.0,44414.0,0.0007204935380735804,1.179407417345716,0.10619672256237395,False
original_interest_rate,bin_1,3.375,3.625,,False,41.0,38464.0,38505.0,0.0010647967796390079,0.7918445698422467,0.048805848058497164,False
original_interest_rate,bin_2,3.625,3.75,,False,32.0,24207.0,24239.0,0.001320186476339783,0.5732246722504496,0.017735624904374588,False
original_interest_rate,bin_3,3.75,3.99,,False,47.0,33891.0,33938.0,0.0013848783075019152,0.5302367935253811,0.021664964053946554,False
original_interest_rate,bin_4,3.99,4.125,,False,97.0,50617.0,50714.0,0.0019126868320384904,0.21224724738232487,0.006018690188435891,False
original_interest_rate,bin_5,4.125,4.25,,False,79.0,30077.0,30156.0,0.002619710836981032,-0.10417737865215139,0.0010078548172162487,False
original_interest_rate,bin_6,4.25,4.375,,False,70.0,23253.0,23323.0,0.0030013291600565965,-0.24135479239750943,0.004488017005635907,False
original_interest_rate,bin_7,4.375,4.625,,False,144.0,45349.0,45493.0,0.003165322137471699,-0.29107809732785306,0.013065367981060437,False
original_interest_rate,bin_8,4.625,4.75,,False,73.0,17773.0,17846.0,0.004090552504762972,-0.5517745631934314,0.021154326842589662,False
original_interest_rate,bin_9,4.75,inf,,False,197.0,33343.0,33540.0,0.005873583780560525,-0.9110734744416473,0.1323317519839227,False
