split,decile,rows,weighted_bad_rate,weighted_predicted_pd,min_score,max_score
OOT,1,16066,0.0014938379185858335,0.0006444050207852034,890.3811447236465,977.5105251080818
OOT,2,16066,0.0018050541516245488,0.0009662117382103615,870.6399279933581,890.3811447236465
OOT,3,16066,0.0016805676584090625,0.001187831173817604,866.3092605740674,870.6399279933581
OOT,4,16066,0.001991783891447778,0.0013186408975948412,848.7703611074136,866.3092605740674
OOT,5,16066,0.003361135316818125,0.0017335470439628774,830.5822572863478,848.7703611074136
OOT,6,16066,0.004108054276111042,0.002125892047138827,822.1739563547192,830.5822572863478
OOT,7,16066,0.007157973359890452,0.0028134229787472515,796.2907138790662,822.1739563547192
OOT,8,16066,0.0076559193327523966,0.0037468696865219898,778.925116396261,796.2907138790662
OOT,9,16066,0.015560811651935765,0.005557288763936722,741.129865203699,778.925116396261
OOT,10,16066,0.02744927175401469,0.01055909432413298,641.2284413100872,741.129865203699
TRAIN,1,34217,0.00026302715024695327,0.00038120532539059985,938.831817442618,977.5105251080818
TRAIN,2,34217,0.00017535143349796885,0.0005322830410059906,917.9754058336682,938.831817442618
TRAIN,3,34217,0.0004968290615775784,0.0006775138836826257,901.9488990839834,917.9754058336682
TRAIN,4,34216,0.0005845218611176058,0.0008539136496425544,886.2383807085512,901.9488990839834
TRAIN,5,34217,0.0008767571674898442,0.001070573307922125,867.9130626665583,886.2383807085512
TRAIN,6,34217,0.0011397843177367974,0.001390436575685604,848.0529908959049,867.9130626665583
TRAIN,7,34216,0.0016366612111292963,0.0018845538150409433,823.9698206621224,848.0529908959049
TRAIN,8,34217,0.0026302715024695326,0.0027121173469486343,796.3928156685758,823.9698206621224
TRAIN,9,34217,0.00502674109360844,0.004253391905568512,755.8891097938879,796.3928156685758
TRAIN,10,34217,0.010901014115790397,0.010924110748242632,587.1115722152061,755.8891097938879
VALIDATION,1,15271,0.0018990242944142493,0.00032310763584934854,957.206379235447,977.5105251080818
VALIDATION,2,15271,0.0034706306070329384,0.00040742219528558464,939.548997191475,957.206379235447
VALIDATION,3,15271,0.004518368148778731,0.00046949130371195136,928.6425504538228,939.548997191475
VALIDATION,4,15270,0.010281597904387688,0.0006029200478571304,912.5165006864295,928.5020189059416
VALIDATION,5,15271,0.010280924628380591,0.0007713530247291506,894.3581324089896,912.5165006864295
VALIDATION,6,15271,0.016894767860650906,0.0009581664412728625,873.9130759081972,894.3581324089896
VALIDATION,7,15270,0.012770137524557957,0.0012598485044096291,856.1110136223753,873.9130759081972
VALIDATION,8,15271,0.020299914871324733,0.0017084488839221805,828.5358604827272,856.1110136223753
VALIDATION,9,15271,0.027306659681749723,0.0026714753353331154,795.0096820230486,828.5358604827272
VALIDATION,10,15271,0.042695304826141055,0.006003791166367618,617.0817581029593,795.0064104482624
