split,score_band,rows,bad_rate,predicted_bad_rate,min_score,max_score
OOT,B01,22629.0,0.024747006054178268,0.00937755235609025,641.2284413100872,755.8891097938879
OOT,B02,26757.0,0.010090817356205853,0.004141463006387732,755.9127740626911,796.3928156685758
OOT,B03,16904.0,0.0062115475627070515,0.0027167602013178347,796.3959201375255,823.9698206621224
OOT,B04,29870.0,0.0037830599263475057,0.0019086283705951315,823.9812972089776,848.0529908959049
OOT,B05,17925.0,0.002064156206415621,0.0013141207882350191,848.0531813585566,867.9130626665583
OOT,B06,21978.0,0.001911001911001911,0.0011276186400735358,867.9781019184504,886.2383807085512
OOT,B07,13238.0,0.0014352621241879439,0.0008958597259545181,886.2706492183111,901.9488990839834
OOT,B08,5434.0,0.0016562384983437614,0.0006893712097468628,902.1493682084338,917.9754058336682
OOT,B09,2268.0,0.0008818342151675485,0.0005230124983524123,918.1739680800118,938.831817442618
OOT,B10,3657.0,0.0010937927262783702,0.000380564475422457,938.8424808486495,977.5105251080818
TRAIN,B01,34222.0,0.010899421424814447,0.010923351429984525,587.1115722152061,755.8891097938879
TRAIN,B02,34221.0,0.0050261535314572925,0.0042529191442074185,756.0492082271783,796.3928156685758
TRAIN,B03,34332.0,0.0026214610276127227,0.0027102520204685477,796.3959201375255,823.9698206621224
TRAIN,B04,34275.0,0.0016338439095550693,0.001881775623048204,823.9812972089776,848.0529908959049
TRAIN,B05,34122.0,0.0011429576226481448,0.0013888521316164327,848.0531813585566,867.9130626665583
TRAIN,B06,34366.0,0.0008729558284350812,0.0010693282762546928,867.9161090367656,886.2383807085512
TRAIN,B07,34558.0,0.0005787371954395509,0.0008517159169812399,886.2706492183111,901.9488990839834
TRAIN,B08,34123.0,0.000498197696568297,0.0006751367759983665,902.1493682084338,917.9754058336682
TRAIN,B09,34050.0,0.0001762114537444934,0.0005304825521984699,918.0961576905627,938.831817442618
TRAIN,B10,33899.0,0.00026549455736157407,0.0003805053026002467,938.8424808486495,977.5105251080818
VALIDATION,B01,5974.0,0.05088717777033813,0.00870138080690908,617.0817581029593,755.8891097938879
VALIDATION,B02,10101.0,0.03653103653103653,0.004193091230737421,756.1701785709745,796.3928156685758
VALIDATION,B03,11240.0,0.02722419928825623,0.002769076252639331,796.3959201375255,823.9698206621224
VALIDATION,B04,12884.0,0.023595156783607574,0.0018968232872234013,823.9812972089776,848.0529908959049
VALIDATION,B05,15563.0,0.014393111867891795,0.0013932456734446017,848.0531813585566,867.9130626665583
VALIDATION,B06,13250.0,0.017283018867924528,0.0010803119963300287,867.9781019184504,886.2383807085512
VALIDATION,B07,17263.0,0.010948270868331113,0.0008431263184442691,886.2706492183111,901.9488990839834
VALIDATION,B08,14159.0,0.01024083621724698,0.0006574034504807272,902.1493682084338,917.9754058336682
VALIDATION,B09,16347.0,0.00783018290817887,0.0005136380612121286,918.0961576905627,938.831817442618
VALIDATION,B10,35927.0,0.0027555877195424056,0.0003784043572698144,938.8424808486495,977.5105251080818
