observation_year,observed_12m_default_rate,mean_calibrated_pd,ttc_pd,pit_to_ttc_ratio
2012,0.003159041394335512,0.01651143605875936,0.0087421693469701,1.8887115318215573
2013,0.003059475508550886,0.016878377563677188,0.0087421693469701,1.930685267441882
2014,0.0030367872735918384,0.016956043222998426,0.0087421693469701,1.93956929338999
2015,0.0032149430683780537,0.017154705242230464,0.0087421693469701,1.9622938610970764
2016,0.0038008680360785098,0.0170734497387917,0.0087421693469701,1.9529991997591643
2017,0.005130355917707541,0.01699737367175521,0.0087421693469701,1.9442970042265582
2018,0.003611367089238126,0.01719854038965869,0.0087421693469701,1.9673080796152087
2019,0.024440253761033856,0.017395646400213002,0.0087421693469701,1.9898546584712482
2020,0.02229895095198863,0.018497202341727557,0.0087421693469701,2.115859531837873
2021,0.004880884160739879,0.018102825785375355,0.0087421693469701,2.0707475532545607
2022,0.004940205138258909,0.018030244398421606,0.0087421693469701,2.0624451074801713
2023,0.00582585848484878,0.018314529441414106,0.0087421693469701,2.094963928805799
2024,0.0069652560513749386,0.018213099496063357,0.0087421693469701,2.0833615517155057
2025,0.006785784667936675,0.018234051617569743,0.0087421693469701,2.0857582247465136
