split,bin,cumulative_capture_rate,lift
OOT,1,0.014712330101817118,0.14712325754291772
OOT,2,0.03156817849661422,0.15784084584074615
OOT,3,0.05480586544551079,0.18268616416753025
OOT,4,0.08121011350903688,0.20302522377818197
OOT,5,0.11560383884639742,0.23120760937042634
OOT,6,0.16763287377600233,0.2793881779998938
OOT,7,0.2654065377307936,0.37915224477556553
OOT,8,0.3687338627173966,0.46091736244727505
OOT,9,0.46183075948750424,0.5131453051678482
OOT,10,1.0,1.0
TRAIN,1,0.019288807243143944,0.19288792853880798
TRAIN,2,0.046778637974019155,0.2338930153880444
TRAIN,3,0.09008004198924026,0.3002668315192799
TRAIN,4,0.14637186720902767,0.365929622525877
TRAIN,5,0.20115470410707256,0.40230930817445637
TRAIN,6,0.25436294449547303,0.4239382759651304
TRAIN,7,0.3136727463587456,0.4481039074514737
TRAIN,8,0.38741634956042514,0.484270527265878
TRAIN,9,0.4601102217556751,0.5112336221035955
TRAIN,10,1.0,1.0
VALIDATION,1,0.03264259610049174,0.3264253997884244
VALIDATION,2,0.061152249201155695,0.3057612460057785
VALIDATION,3,0.13678893289707825,0.45596284834773715
VALIDATION,4,0.19470753688077608,0.48676884220194017
VALIDATION,5,0.2740370816830262,0.5480739749075842
VALIDATION,6,0.4139448558253449,0.6899080930422415
VALIDATION,7,0.5173449668025181,0.7390644198119249
VALIDATION,8,0.5645485333792549,0.7056856667240686
VALIDATION,9,0.6541721676903354,0.726858102952842
VALIDATION,10,1.0,1.0
