vintage_year,loans,total_ead,weighted_ecl,ecl_upside,ecl_base,ecl_downside,ecl_exceeds_ead,coverage_ratio
2012,10443,1005296402.33,10936261.617420547,10825734.595687542,10884491.43828645,11086437.123366226,0,0.010878643942297322
2013,11068,1114340945.27,14446319.297313405,14305688.750294609,14380465.471482266,14637366.58484656,0,0.01296400294598627
2014,8934,942339140.38,16142946.544076229,16002803.707087047,16077336.294321107,16333303.420455208,0,0.01713071849861458
2015,11716,1465158196.56,20820863.23917797,20630210.042823218,20731607.496508636,21079825.365582455,0,0.014210658813541525
2016,14047,1988380761.59,28904552.24035957,28646187.09209098,28783606.09098851,29255469.42167415,0,0.014536728980040107
2017,12150,1717444889.06,30499811.532131776,30251241.027274836,30383468.38198913,30837392.55982177,0,0.017758829832860066
2018,9607,1358073258.03,29835597.770284053,29623932.980460577,29736538.063415468,30123039.627788194,0,0.021969063593493557
2019,14113,2486191530.87,40124742.51413451,39821659.86471557,39982884.284776635,40536357.25933343,0,0.01613903917535008
2020,31452,7489347483.66,63800763.687821396,63160624.50188626,63501038.63852567,64670329.20449779,0,0.008518868142654578
2021,41807,10729321449.47,101263203.85148601,100320327.0595286,100821674.98868577,102544111.82926512,0,0.009437987698326268
2022,42865,12070616555.44,150046156.69059837,148926573.09238338,149521706.91754913,151567439.74029613,0,0.012430695317131533
2023,43330,12755571736.23,117126330.46462348,116292995.15688735,116735594.16361533,118259348.00367315,0,0.00918236617586857
2024,47663,15651334835.62,61779354.637414604,61121528.53409737,61470386.918649584,62674708.506809086,0,0.0039472259258561395
2025,7373,2471905000.0,4361483.029895417,4288573.108357025,4327170.756997993,4460843.824309891,0,0.0017644217839663811
