model,split,rows,actual_mean,predicted_mean,oe_ratio,mae,rmse
segment_mean_baseline,OOT,6439,0.09081070938260337,0.3155473516455896,0.28778789905547486,0.34721690383507636,0.3631841068540942
segment_mean_baseline,OUT_OF_TIME,1419,0.013389711064129669,0.31554735164558956,0.042433286143274206,0.3204868869785477,0.32327954847701623
segment_mean_baseline,TRAIN,2725,0.1649292916180918,0.31554735164558956,0.5226768367979647,0.3649301888455591,0.39083444328844097
segment_mean_baseline,VALIDATION,13984,0.31554735164558967,0.31554735164558967,1.0,0.43058331776046077,0.4638222967613526
bounded_regression,OOT,6439,0.09081070938260337,0.40576615065384225,0.22380060346648697,0.41357800405045564,0.48777284450857183
bounded_regression,OUT_OF_TIME,1419,0.013389711064129669,0.4792492023163187,0.027938932395534927,0.4814754163753275,0.5467560895842124
bounded_regression,TRAIN,2725,0.1649292916180918,0.3584249915991703,0.4601500885366097,0.3502291522513257,0.4069066610856875
bounded_regression,VALIDATION,13984,0.31554735164558967,0.3139837711537306,1.0049798130843315,0.4228850035117342,0.485157118101605
fractional_logit_style_regression,OOT,6439,0.09081070938260337,0.2789113585900589,0.32558985708458016,0.3051229450254153,0.48884554375328454
fractional_logit_style_regression,OUT_OF_TIME,1419,0.013389711064129669,0.39611081487439526,0.03380294241240416,0.40064285821084245,0.569592313474942
fractional_logit_style_regression,TRAIN,2725,0.1649292916180918,0.16185659962211132,1.0189840389774303,0.21089328573189398,0.392043100574796
fractional_logit_style_regression,VALIDATION,13984,0.31554735164558967,0.10045402307394913,3.1412116905790803,0.3469139288748582,0.5448576057311946
