section,split,ltv_band,rows,missing_ltv_rows,missing_ltv_rate,mean_ltv,median_ltv,actual_cure_lgd,predicted_cure_lgd
split_missingness,OOT,ALL,6439,705,0.10948905109489052,56.1494593651901,56.0,0.09081070938260337,0.40576615065384225
ltv_band,OOT,100-120,18,0,0.0,104.72222222222223,103.0,0.16666666666666666,0.5186935071534644
ltv_band,OOT,60-80,1618,0,0.0,69.23609394313968,68.5,0.07525444231057761,0.42576413784495687
ltv_band,OOT,80-100,692,0,0.0,88.24132947976878,88.0,0.0608985280234179,0.5620212216037811
ltv_band,OOT,<=60,3404,0,0.0,43.100763807285546,45.0,0.1021083640458374,0.3566096531630596
ltv_band,OOT,>120,2,0,0.0,137.0,137.0,0.0,0.5808681102602355
ltv_band,OOT,MISSING,705,705,1.0,,,0.09964513113735157,0.4404619928521926
split_missingness,OUT_OF_TIME,ALL,1419,120,0.08456659619450317,59.08083140877598,59.0,0.013389711064129669,0.4792492023163187
ltv_band,OUT_OF_TIME,100-120,7,0,0.0,104.42857142857143,103.0,0.0,0.7626751728310962
ltv_band,OUT_OF_TIME,60-80,360,0,0.0,70.24444444444444,70.0,0.013888888888888888,0.5445852399038128
ltv_band,OUT_OF_TIME,80-100,246,0,0.0,88.47560975609755,88.0,0.008130081300813009,0.6859518856773247
ltv_band,OUT_OF_TIME,<=60,685,0,0.0,41.97664233576642,44.0,0.014598540145985401,0.364514327549866
ltv_band,OUT_OF_TIME,>120,1,0,0.0,208.0,208.0,0.0,0.5136206818217844
ltv_band,OUT_OF_TIME,MISSING,120,120,1.0,,,0.016666666666666666,0.4976258881797005
split_missingness,TRAIN,ALL,2725,1717,0.6300917431192661,64.62996031746032,66.0,0.1649292916180918,0.3584249915991703
ltv_band,TRAIN,100-120,17,0,0.0,107.6470588235294,107.0,0.3871410292384169,0.7388641515576841
ltv_band,TRAIN,60-80,433,0,0.0,70.42032332563511,70.0,0.15731508421856485,0.38152559404217273
ltv_band,TRAIN,80-100,175,0,0.0,86.21714285714286,85.0,0.2883403378222992,0.4668437982157552
ltv_band,TRAIN,<=60,379,0,0.0,45.28759894459103,48.0,0.1418315294776285,0.25502943294681896
ltv_band,TRAIN,>120,4,0,0.0,143.25,144.5,0.06944557484231277,0.549529217247799
ltv_band,TRAIN,MISSING,1717,1717,1.0,,,0.15739196249581577,0.36016010056342745
split_missingness,VALIDATION,ALL,13984,1130,0.0808066361556064,61.059903531974484,62.0,0.31554735164558967,0.3139837711537306
ltv_band,VALIDATION,100-120,28,0,0.0,105.46428571428571,103.5,0.25,0.5745818846331596
ltv_band,VALIDATION,60-80,5060,0,0.0,70.06837944664032,70.0,0.34027596420709444,0.3436523815563253
ltv_band,VALIDATION,80-100,1795,0,0.0,86.74428969359332,86.0,0.37133509612821325,0.40572670931807464
ltv_band,VALIDATION,<=60,5960,0,0.0,45.288758389261744,48.0,0.28816148874457687,0.2557762037124306
ltv_band,VALIDATION,>120,11,0,0.0,158.0,157.0,0.2727272727272727,0.6544844170794218
ltv_band,VALIDATION,MISSING,1130,1130,1.0,,,0.26268036819133406,0.3326325366629473
relationship,ALL,correlation,20895,3672,0.1494687996092319,59.76156975352955,61.0,0.23098616940284536,0.06495896773758082
