split,default_year,resolved_defaults,realized_lgd,predicted_lgd,oe_ratio
OOT,2022,1889,0.266033025497878,0.4148714893794427,0.6412420045923267
OOT,2023,2157,0.19618651486284228,0.4479722937249167,0.43794341215064786
OOT,2024,2754,0.1728785765527715,0.49501805621950556,0.3492369104130457
OOT,2025,752,0.13957862172336985,0.5081968627558212,0.27465463081859814
OUT_OF_TIME,2025,1501,0.1235436176116362,0.5259332237077938,0.23490361901965806
OUT_OF_TIME,2026,105,0.14285714285714285,0.541626527204031,0.26375580899738404
TRAIN,2012,28,0.3286866277862516,0.5741379802996469,0.5724871704441283
TRAIN,2013,181,0.3136743598535264,0.5193957830593672,0.6039216529751326
TRAIN,2014,321,0.31858587646187114,0.4709114049328947,0.6765303900577009
TRAIN,2015,511,0.3888756909352057,0.4782040437277034,0.8132003399716907
TRAIN,2016,668,0.32964588928480676,0.4667709895057118,0.7062261723546402
TRAIN,2017,1292,0.2824007799006145,0.4356218718354646,0.648270433967737
TRAIN,2018,1151,0.32387494155985447,0.43642174633021663,0.7421145813270174
VALIDATION,2019,1369,0.2790466877754043,0.43933247344116017,0.6351606235471621
VALIDATION,2020,11854,0.4125261680585059,0.3810202114889405,1.0826884128966474
VALIDATION,2021,2780,0.3376720414526071,0.3929932860499331,0.8592310694328326
