split,resolution_type,resolved_defaults,realized_lgd,predicted_lgd,oe_ratio
OOT,CURE,6439,0.09081070938260337,0.45847406479152963,0.19807163884808934
OOT,OTHER_DOCUMENTED_TERMINAL,897,0.9436565230761709,0.47950400586544334,1.9679846498320523
OOT,REO_FORECLOSURE,84,0.5292084443062214,0.540882050033028,0.9784174650904133
OOT,SHORT_SALE_OR_CHARGE_OFF,19,0.4672975991498182,0.6842412353175398,0.6829427620405788
OOT,THIRD_PARTY_SALE,113,0.19698405723426185,0.4844953672171588,0.40657572922873864
OUT_OF_TIME,CURE,1419,0.013389711064129669,0.5248708182739753,0.025510488672548803
OUT_OF_TIME,OTHER_DOCUMENTED_TERMINAL,172,1.0,0.5369523856423359,1.862362523641156
OUT_OF_TIME,REO_FORECLOSURE,2,0.5163339466233743,0.6823154968617822,0.7567378272927735
OUT_OF_TIME,SHORT_SALE_OR_CHARGE_OFF,4,0.7565527009971952,0.7802833257123706,0.9695871692586662
OUT_OF_TIME,THIRD_PARTY_SALE,9,0.597787926425599,0.5181431537773266,1.153711907737567
TRAIN,CURE,2725,0.1649292916180918,0.41156052622864964,0.4007412788816935
TRAIN,OTHER_DOCUMENTED_TERMINAL,615,0.9376976118897409,0.5414694945646275,1.731764432350346
TRAIN,REO_FORECLOSURE,341,0.4562018805675804,0.48851581695083646,0.9338528349297888
TRAIN,SHORT_SALE_OR_CHARGE_OFF,222,0.30009341257529265,0.6220508774679747,0.4824258327498983
TRAIN,THIRD_PARTY_SALE,249,0.3072418421531758,0.4954774113627483,0.6200925311774471
VALIDATION,CURE,13984,0.3155473516455897,0.38332936614887975,0.8231755234819019
VALIDATION,OTHER_DOCUMENTED_TERMINAL,1790,0.9656169924500705,0.41197640938630553,2.34386477101562
VALIDATION,REO_FORECLOSURE,98,0.4583904015385616,0.49643918738800813,0.9233566027499995
VALIDATION,SHORT_SALE_OR_CHARGE_OFF,24,0.23665297277960362,0.5929319329797157,0.39912333881282047
VALIDATION,THIRD_PARTY_SALE,107,0.1790455548903086,0.465271425857053,0.3848195804427444
