segment_variable,segment_value,resolved_defaults,accepted_segment,realized_lgd,predicted_lgd
rating_at_default,R1,1527,True,0.3824692607262891,0.36525332503693464
rating_at_default,R2,787,True,0.3196628486312124,0.3868222181645153
rating_at_default,R3,3686,True,0.37160862192749117,0.4097803412422036
rating_at_default,R4,1594,True,0.33930716408745204,0.43527990436372804
rating_at_default,R5,21710,True,0.2992466008125874,0.4312764673721365
current_ltv_band,60-80,8592,True,0.3346220932782125,0.43391078645609066
current_ltv_band,80-100,3393,True,0.3333818577165702,0.5034580802946872
current_ltv_band,<=60,12095,True,0.29900601301679774,0.37674854383356693
current_ltv_band,>100,141,True,0.32594656040548153,0.6149814021850993
current_ltv_band,UNKNOWN,5092,True,0.3091476955006175,0.4624839668120317
default_reason,DELINQUENCY_3_PLUS,29291,True,0.3153560542454937,0.424037420740855
default_reason,REO_ACQUISITION,6,False,0.18647402982559236,0.3944154946401961
default_reason,SHORT_SALE_OR_CHARGE_OFF,16,False,0.2900560962188931,0.7501583852709659
