model,temporal_weighting,split,rows,realized_mean,predicted_mean,oe_ratio,mae,rmse
current_baseline_none,none,OOT,1113,0.8284377927873908,0.7330264357514279,1.1301608678521347,0.30296198707416755,0.36655582325501485
current_baseline_none,none,OUT_OF_TIME,187,0.9702618718452725,0.7522273997147062,1.2898518083936574,0.25626661857826777,0.3138030758034393
current_baseline_none,none,TRAIN,1427,0.6134357595470156,0.6081291636229544,1.008726100048297,0.26208690651132505,0.3160967509710085
current_baseline_none,none,VALIDATION,2019,0.8906459740249523,0.6920145863009636,1.28703352740834,0.31990712997291326,0.3663239138421077
bounded_fractional_logit_none,none,OOT,1113,0.8284377927873908,0.9599305522677655,0.8630184661070193,0.1840871274997378,0.36379409798058976
bounded_fractional_logit_none,none,OUT_OF_TIME,187,0.9702618718452725,0.96682667118831,1.0035530677414395,0.05835532248456615,0.18347781013766126
bounded_fractional_logit_none,none,TRAIN,1427,0.6134357595470156,0.8331963541118479,0.7362439316011076,0.2895238155250882,0.4166837313423197
bounded_fractional_logit_none,none,VALIDATION,2019,0.8906459740249523,0.9461036205167069,0.9413831156660547,0.13628739212746935,0.29390775535779357
segment_calibrated_none,none,OOT,1113,0.8284377927873908,0.8746637312317007,0.9471500454475064,0.2225661678551861,0.3501820632672039
segment_calibrated_none,none,OUT_OF_TIME,187,0.9702618718452725,0.9001563113131101,1.077881540851383,0.11830015153333445,0.20993088345742084
segment_calibrated_none,none,TRAIN,1427,0.6134357595470156,0.7476139629963894,0.8205247492815729,0.264870337932868,0.3467776270932877
segment_calibrated_none,none,VALIDATION,2019,0.8906459740249523,0.850906933963571,1.0467019817035392,0.20289524670926232,0.3047633222974784
current_baseline_linear_recency,linear_recency,OOT,1113,0.8284377927873908,0.7351270524440122,1.1269314467929816,0.30129235080579525,0.3658513156201982
current_baseline_linear_recency,linear_recency,OUT_OF_TIME,187,0.9702618718452725,0.7521139647780865,1.2900463457443596,0.256151494616009,0.31317415830472173
current_baseline_linear_recency,linear_recency,TRAIN,1427,0.6134357595470156,0.610133931924322,1.0054116439849197,0.2620973352989036,0.3163044061661894
current_baseline_linear_recency,linear_recency,VALIDATION,2019,0.8906459740249523,0.6947617180950358,1.2819445154045197,0.31753397882542095,0.3641321521487364
bounded_fractional_logit_linear_recency,linear_recency,OOT,1113,0.8284377927873908,0.9604276081605432,0.8625718229550423,0.18408289519040275,0.36417534040070176
bounded_fractional_logit_linear_recency,linear_recency,OUT_OF_TIME,187,0.9702618718452725,0.9665053464619726,1.0038867093669488,0.058987348515941736,0.184760567629308
bounded_fractional_logit_linear_recency,linear_recency,TRAIN,1427,0.6134357595470156,0.8360884798794338,0.733697179556253,0.29190801727237214,0.41991199084465297
bounded_fractional_logit_linear_recency,linear_recency,VALIDATION,2019,0.8906459740249523,0.9472111663958545,0.9402823843534983,0.13547533604945358,0.2934178195553801
segment_calibrated_linear_recency,linear_recency,OOT,1113,0.8284377927873908,0.8734047431023672,0.9485153353355376,0.2228842404649781,0.3496381514512814
segment_calibrated_linear_recency,linear_recency,OUT_OF_TIME,187,0.9702618718452725,0.8978839451163053,1.080609445265882,0.12054745650394887,0.21089077686851657
segment_calibrated_linear_recency,linear_recency,TRAIN,1427,0.6134357595470156,0.7472781252329299,0.8208935051535262,0.2648086244516206,0.3470573625193868
segment_calibrated_linear_recency,linear_recency,VALIDATION,2019,0.8906459740249523,0.8510386706675326,1.046539957257586,0.2023239104635017,0.3038215908012484
current_baseline_exponential_recency_12m,exponential_recency_12m,OOT,1113,0.8284377927873908,0.7543432990401725,1.0982238376631652,0.2891783313198319,0.36775219675811743
current_baseline_exponential_recency_12m,exponential_recency_12m,OUT_OF_TIME,187,0.9702618718452725,0.7662281483209236,1.2662832525422862,0.2425517787097599,0.307275728948654
current_baseline_exponential_recency_12m,exponential_recency_12m,TRAIN,1427,0.6134357595470156,0.6161103447522743,0.9956589185232165,0.2641781725508338,0.3251602306487651
current_baseline_exponential_recency_12m,exponential_recency_12m,VALIDATION,2019,0.8906459740249523,0.7133146343996618,1.2486018526376312,0.3036060926560795,0.36050626035761735
bounded_fractional_logit_exponential_recency_12m,exponential_recency_12m,OOT,1113,0.8284377927873908,0.9609215349319628,0.8621284492766079,0.18762559344054466,0.37122364841988775
bounded_fractional_logit_exponential_recency_12m,exponential_recency_12m,OUT_OF_TIME,187,0.9702618718452725,0.9649025567683415,1.0055542552347259,0.062443526176794883,0.19753167421081153
bounded_fractional_logit_exponential_recency_12m,exponential_recency_12m,TRAIN,1427,0.6134357595470156,0.8480192832819677,0.7233747765415461,0.3085914737172975,0.4434155830252764
bounded_fractional_logit_exponential_recency_12m,exponential_recency_12m,VALIDATION,2019,0.8906459740249523,0.9475221107197334,0.9399738158600033,0.1374632294402659,0.2999163449844694
segment_calibrated_exponential_recency_12m,exponential_recency_12m,OOT,1113,0.8284377927873908,0.8645599842228131,0.9582189875837315,0.22821359099170324,0.3536656308133633
segment_calibrated_exponential_recency_12m,exponential_recency_12m,OUT_OF_TIME,187,0.9702618718452725,0.890162233007194,1.0899831916789837,0.12886923230786304,0.2225030879502728
segment_calibrated_exponential_recency_12m,exponential_recency_12m,TRAIN,1427,0.6134357595470156,0.7344167696542344,0.8352692706565278,0.26552413890670495,0.3535395930116286
segment_calibrated_exponential_recency_12m,exponential_recency_12m,VALIDATION,2019,0.8906459740249523,0.844090060484362,1.0551551495747684,0.20678148701097857,0.31023462968264615
current_baseline_exponential_recency_24m,exponential_recency_24m,OOT,1113,0.8284377927873908,0.7451971807721505,1.1117028004977005,0.294479173108462,0.3655187016008056
current_baseline_exponential_recency_24m,exponential_recency_24m,OUT_OF_TIME,187,0.9702618718452725,0.7574357205113713,1.2809824590662489,0.2507077777695788,0.3099527751474908
current_baseline_exponential_recency_24m,exponential_recency_24m,TRAIN,1427,0.6134357595470156,0.6158119224726788,0.9961414145472822,0.26268143190154036,0.3194984874503676
current_baseline_exponential_recency_24m,exponential_recency_24m,VALIDATION,2019,0.8906459740249523,0.7058533152010193,1.261800369629639,0.30881599942073157,0.35933735967421354
bounded_fractional_logit_exponential_recency_24m,exponential_recency_24m,OOT,1113,0.8284377927873908,0.9613084344684535,0.8617814668873344,0.18564429882951183,0.36758854762882226
bounded_fractional_logit_exponential_recency_24m,exponential_recency_24m,OUT_OF_TIME,187,0.9702618718452725,0.965728833465244,1.004693903943784,0.06081751167705934,0.1890903233998749
bounded_fractional_logit_exponential_recency_24m,exponential_recency_24m,TRAIN,1427,0.6134357595470156,0.8446020742999687,0.7263015071984631,0.3007007105006843,0.4323520122870607
bounded_fractional_logit_exponential_recency_24m,exponential_recency_24m,VALIDATION,2019,0.8906459740249523,0.9494801061729726,0.938035424054159,0.13464245476970904,0.2944508146485632
segment_calibrated_exponential_recency_24m,exponential_recency_24m,OOT,1113,0.8284377927873908,0.8682222561028952,0.9541770980462065,0.22527182748148605,0.3502432380940423
segment_calibrated_exponential_recency_24m,exponential_recency_24m,OUT_OF_TIME,187,0.9702618718452725,0.8923041614639804,1.0873667452737068,0.1262862224339969,0.21621146532288119
segment_calibrated_exponential_recency_24m,exponential_recency_24m,TRAIN,1427,0.6134357595470156,0.7426248185725886,0.8260372454641505,0.265072500407818,0.34974635476599597
segment_calibrated_exponential_recency_24m,exponential_recency_24m,VALIDATION,2019,0.8906459740249523,0.8486721216100451,1.0494582670340074,0.20316085438207002,0.3044803801265424
current_baseline_exponential_recency_36m,exponential_recency_36m,OOT,1113,0.8284377927873908,0.7414593739192787,1.117307059466189,0.2969101896020946,0.3652202150654682
current_baseline_exponential_recency_36m,exponential_recency_36m,OUT_OF_TIME,187,0.9702618718452725,0.7548766080441845,1.2853251266576284,0.25322066806483634,0.31107192822931323
current_baseline_exponential_recency_36m,exponential_recency_36m,TRAIN,1427,0.6134357595470156,0.6140941891640734,0.998927803537835,0.26235147934705794,0.3178863388787685
current_baseline_exponential_recency_36m,exponential_recency_36m,VALIDATION,2019,0.8906459740249523,0.7018483129816466,1.2690006623243715,0.3119033418179891,0.36041443928671424
bounded_fractional_logit_exponential_recency_36m,exponential_recency_36m,OOT,1113,0.8284377927873908,0.9611699454326005,0.8619056356516953,0.1848655527510653,0.36590812390519595
bounded_fractional_logit_exponential_recency_36m,exponential_recency_36m,OUT_OF_TIME,187,0.9702618718452725,0.9659781940426144,1.0044345491741702,0.06017255919578731,0.1870728611146686
bounded_fractional_logit_exponential_recency_36m,exponential_recency_36m,TRAIN,1427,0.6134357595470156,0.8417449005978052,0.7287668260435615,0.29730617802345477,0.4275551338407879
bounded_fractional_logit_exponential_recency_36m,exponential_recency_36m,VALIDATION,2019,0.8906459740249523,0.9491769779754942,0.9383349940962716,0.13446538929826482,0.29351770577991443
segment_calibrated_exponential_recency_36m,exponential_recency_36m,OOT,1113,0.8284377927873908,0.870230013371213,0.9519756616737202,0.22418812298350627,0.34955619457676734
segment_calibrated_exponential_recency_36m,exponential_recency_36m,OUT_OF_TIME,187,0.9702618718452725,0.8940319446061118,1.085265328268271,0.12452732279701256,0.21388494299712
segment_calibrated_exponential_recency_36m,exponential_recency_36m,TRAIN,1427,0.6134357595470156,0.7447434666052064,0.8236873326908983,0.2649120706822927,0.3484173294579435
segment_calibrated_exponential_recency_36m,exponential_recency_36m,VALIDATION,2019,0.8906459740249523,0.8499848656754226,1.0478374498082612,0.2024462176669318,0.3035217061162173
