split,rating_at_default,resolved_defaults,realized_lgd,predicted_lgd,oe_ratio
OOT,R1,161,0.29134561493995015,0.40139418610301125,0.7258341675760621
OOT,R2,104,0.29268434032543805,0.39531236703835176,0.7403875130904845
OOT,R3,597,0.19404105129537627,0.3872237024257572,0.5011084034365896
OOT,R4,275,0.2356961589043751,0.3943818349255907,0.5976344193155971
OOT,R5,6415,0.1946651059026857,0.381738776726496,0.5099432328357809
OUT_OF_TIME,R1,66,0.21212121212121213,0.4008795718017105,0.5291394898668843
OUT_OF_TIME,R2,27,0.14814814814814814,0.39702523666659423,0.3731454186438959
OUT_OF_TIME,R3,237,0.14781716410652634,0.39632494267550056,0.3729696221202882
OUT_OF_TIME,R4,98,0.155702904674899,0.4043703981756473,0.385050204904628
OUT_OF_TIME,R5,1169,0.11304312872855353,0.38196212874598684,0.29595376143620167
TRAIN,R1,53,0.34524051281973395,0.3864373850154043,0.8933931503702
TRAIN,R2,72,0.34496979482109014,0.3895068564776675,0.8856578236919151
TRAIN,R3,304,0.29753864516020007,0.38869441994136805,0.7654821625818086
TRAIN,R4,298,0.3684678870395718,0.38733132853509167,0.9512989523288435
TRAIN,R5,3425,0.3157414299736741,0.3804694504527478,0.8298732778622588
VALIDATION,R1,1247,0.40483253403710145,0.40080949773639063,1.010037277867494
VALIDATION,R2,584,0.3292768240613016,0.39826154716675216,0.8267853786130985
VALIDATION,R3,2548,0.44286595634986076,0.3910938886563354,1.1323775931948117
VALIDATION,R4,923,0.3802566206508808,0.3962118659273374,0.9597305213484375
VALIDATION,R5,10701,0.37700263845734333,0.3846578281654395,0.9800987029313656
