feature,feature_type,split,psi_vs_train,missing_rate,train_missing_rate,mean,train_mean,p25,median,p75,top_category,top_category_share,unstable_flag
ead_at_default,numeric,OOT,0.14022776069954368,0.0,0.0,232053.1034800654,179334.0151691865,119316.215,194000.0,314800.95999999996,,,False
ead_at_default,numeric,OUT_OF_TIME,0.28639516112211805,0.0,0.0,258739.21739019555,179334.0151691865,133966.05,217322.85,345674.71,,,True
ead_at_default,numeric,TRAIN,0.0,0.0,0.0,179334.0151691865,179334.0151691865,100776.88500000001,156177.86,238508.76,,,False
ead_at_default,numeric,VALIDATION,0.1356399876469809,0.0,0.0,224425.27229704452,179334.0151691865,125748.60500000001,199626.755,303038.6875,,,False
current_interest_rate_at_default,numeric,OOT,0.6582192977787126,0.0,0.0,4.60550899257955,4.294638348932086,3.75,4.375,5.375,,,True
current_interest_rate_at_default,numeric,OUT_OF_TIME,1.4525087156443663,0.0,0.0,5.2716653442901675,4.294638348932086,3.99,5.25,6.625,,,True
current_interest_rate_at_default,numeric,TRAIN,0.0,0.0,0.0,4.294638348932086,4.294638348932086,4.0,4.375,4.625,,,False
current_interest_rate_at_default,numeric,VALIDATION,0.056653494394897544,0.0,0.0,4.300116847487218,4.294638348932086,3.875,4.25,4.75,,,False
estimated_loan_to_value_at_default,numeric,OOT,1.6231442986243894,0.11621179725820652,0.6606671466282698,56.35235520136616,66.15841584158416,42.0,56.0,70.0,,,True
estimated_loan_to_value_at_default,numeric,OUT_OF_TIME,1.7794581483156025,0.09039387928591669,0.6606671466282698,61.93582554517134,66.15841584158416,45.0,62.0,81.0,,,True
estimated_loan_to_value_at_default,numeric,TRAIN,0.0,0.6606671466282698,0.6606671466282698,66.15841584158416,66.15841584158416,53.0,67.0,79.0,,,False
estimated_loan_to_value_at_default,numeric,VALIDATION,1.816617157697857,0.08323980546202768,0.6606671466282698,61.08964156974767,66.15841584158416,49.0,62.0,74.0,,,True
current_upb_to_original_upb_at_default,numeric,OOT,0.22700967918169468,0.0,0.0,0.9258559923048973,0.9083619087425426,0.901018174942134,0.962261506849315,0.9897336850945587,,,False
current_upb_to_original_upb_at_default,numeric,OUT_OF_TIME,0.18701827618942124,0.0,0.0,0.9242213199764466,0.9083619087425426,0.9023923725490196,0.9658744498777506,0.9875292279411765,,,False
current_upb_to_original_upb_at_default,numeric,TRAIN,0.0,0.0,0.0,0.9083619087425426,0.9083619087425426,0.9257506881952695,0.958722480620155,0.9799515963636365,,,False
current_upb_to_original_upb_at_default,numeric,VALIDATION,0.11416593704745781,0.0,0.0,0.9133430828214677,0.9083619087425426,0.8934182281646788,0.9446541977978985,0.9767500044128576,,,False
delinquency_months_at_default,numeric,OOT,0.005202358765505552,0.0,0.0007199424046076314,3.0555904917620427,3.031219980787704,3.0,3.0,3.0,,,False
delinquency_months_at_default,numeric,OUT_OF_TIME,0.005528212153182301,0.0,0.0007199424046076314,3.0212524794559363,3.031219980787704,3.0,3.0,3.0,,,False
delinquency_months_at_default,numeric,TRAIN,0.0,0.0007199424046076314,0.0007199424046076314,3.031219980787704,3.031219980787704,3.0,3.0,3.0,,,False
delinquency_months_at_default,numeric,VALIDATION,0.0030871810824906255,0.00018705574261129816,0.0007199424046076314,3.0302463361396943,3.031219980787704,3.0,3.0,3.0,,,False
max_delinquency_months_to_date_at_default,numeric,OOT,0.3412426696754928,0.0,0.0,5.590114451012451,3.4605231581473483,3.0,3.0,6.0,,,True
max_delinquency_months_to_date_at_default,numeric,OUT_OF_TIME,0.2612193616168156,0.0,0.0,5.026069708132615,3.4605231581473483,3.0,3.0,5.0,,,True
max_delinquency_months_to_date_at_default,numeric,TRAIN,0.0,0.0,0.0,3.4605231581473483,3.4605231581473483,3.0,3.0,3.0,,,False
max_delinquency_months_to_date_at_default,numeric,VALIDATION,0.0028980953080578087,0.0,0.0,3.434405786257638,3.4605231581473483,3.0,3.0,3.0,,,False
months_delinquent_to_date_at_default,numeric,OOT,0.23415345705450194,0.0,0.0,14.10803672494026,8.011999040076795,3.0,8.0,19.0,,,False
months_delinquent_to_date_at_default,numeric,OUT_OF_TIME,0.31101001901251624,0.0,0.0,14.931992065741003,8.011999040076795,4.0,9.0,19.0,,,True
months_delinquent_to_date_at_default,numeric,TRAIN,0.0,0.0,0.0,8.011999040076795,8.011999040076795,3.0,4.0,10.0,,,False
months_delinquent_to_date_at_default,numeric,VALIDATION,0.15072744373065497,0.0,0.0,6.582179822920564,8.011999040076795,3.0,3.0,6.0,,,False
months_since_last_delinquency_at_default,numeric,OOT,0.004730563677523108,0.0,0.0007199424046076314,0.007043139227770092,0.0007204610951008645,0.0,0.0,0.0,,,False
months_since_last_delinquency_at_default,numeric,OUT_OF_TIME,0.004730563677523108,0.0,0.0007199424046076314,0.0005667327854916407,0.0007204610951008645,0.0,0.0,0.0,,,False
months_since_last_delinquency_at_default,numeric,TRAIN,0.0,0.0007199424046076314,0.0007199424046076314,0.0007204610951008645,0.0007204610951008645,0.0,0.0,0.0,,,False
months_since_last_delinquency_at_default,numeric,VALIDATION,0.004730563677523108,0.0,0.0007199424046076314,0.0009352787130564908,0.0007204610951008645,0.0,0.0,0.0,,,False
months_since_origination_at_default,numeric,OOT,0.5443730355830502,0.0,0.0,52.20789837756257,33.142788576913844,22.0,43.0,78.0,,,True
months_since_origination_at_default,numeric,OUT_OF_TIME,0.4620875646274608,0.0,0.0,54.97137999433267,33.142788576913844,28.0,42.0,77.0,,,True
months_since_origination_at_default,numeric,TRAIN,0.0,0.0,0.0,33.142788576913844,33.142788576913844,19.0,31.0,46.0,,,False
months_since_origination_at_default,numeric,VALIDATION,0.28724442831379815,0.0,0.0,44.91856840004988,33.142788576913844,23.0,41.0,63.0,,,True
original_credit_score,numeric,OOT,0.08640835652511265,0.0005030813734121495,0.0,705.0583868126337,697.0724742020639,669.0,703.0,740.0,,,False
original_credit_score,numeric,OUT_OF_TIME,0.12607915943443537,0.0,0.0,706.9050722584301,697.0724742020639,671.0,704.0,741.0,,,False
original_credit_score,numeric,TRAIN,0.0,0.0,0.0,697.0724742020639,697.0724742020639,661.0,697.0,739.0,,,False
original_credit_score,numeric,VALIDATION,0.15771527733782215,6.235191420376606e-05,0.0,717.2552846542371,697.0724742020639,683.0,718.0,757.0,,,False
original_dti,numeric,OOT,1.0249897045695353,0.06540057854357942,0.4528437724982001,38.53788184631947,37.05131578947368,34.0,40.0,44.0,,,True
original_dti,numeric,OUT_OF_TIME,1.442438262983334,0.03740436384244829,0.4528437724982001,39.42920223726818,37.05131578947368,35.0,41.0,45.0,,,True
original_dti,numeric,TRAIN,0.0,0.4528437724982001,0.4528437724982001,37.05131578947368,37.05131578947368,32.0,39.0,43.0,,,False
original_dti,numeric,VALIDATION,0.6017781422722803,0.1306272602568899,0.4528437724982001,38.21910636161515,37.05131578947368,33.0,40.0,44.0,,,True
original_ltv,numeric,OOT,0.4999391174975194,0.0,0.0,78.7268268142372,89.3431725461963,70.0,80.0,95.0,,,True
original_ltv,numeric,OUT_OF_TIME,0.6804834968412099,0.0,0.0,80.0716916973647,89.3431725461963,70.0,80.0,95.0,,,True
original_ltv,numeric,TRAIN,0.0,0.0,0.0,89.3431725461963,89.3431725461963,74.0,84.0,95.0,,,False
original_ltv,numeric,VALIDATION,0.3222095937067348,0.0,0.0,79.7118094525502,89.3431725461963,70.0,80.0,93.0,,,True
original_cltv,numeric,OOT,0.518538934584562,0.0,0.0,79.36888441705446,93.04319654427646,70.0,80.0,95.0,,,True
original_cltv,numeric,OUT_OF_TIME,0.6368471427278577,0.0,0.0,80.67809577784075,93.04319654427646,71.0,80.0,95.0,,,True
original_cltv,numeric,TRAIN,0.0,0.0,0.0,93.04319654427646,93.04319654427646,75.0,88.0,100.0,,,False
original_cltv,numeric,VALIDATION,0.3421248199691308,0.00012470382840753212,0.0,80.90589922673983,93.04319654427646,72.0,80.0,95.0,,,True
original_upb,numeric,OOT,0.1569571818637231,0.0,0.0,245807.82291535655,188746.3402927766,133000.0,206000.0,328000.0,,,False
original_upb,numeric,OUT_OF_TIME,0.30643972309502066,0.0,0.0,274026.91980731086,188746.3402927766,148000.0,232000.0,363000.0,,,True
original_upb,numeric,TRAIN,0.0,0.0,0.0,188746.3402927766,188746.3402927766,107000.0,166000.0,248000.0,,,False
original_upb,numeric,VALIDATION,0.1866235264443703,0.0,0.0,242746.8512283327,188746.3402927766,140000.0,217000.0,326000.0,,,False
original_interest_rate,numeric,OOT,0.6109535586501001,0.0,0.0,4.65580757137467,4.304445164386849,3.75,4.5,5.375,,,True
original_interest_rate,numeric,OUT_OF_TIME,1.3974276767758138,0.0,0.0,5.304572683479739,4.304445164386849,4.0,5.25,6.625,,,True
original_interest_rate,numeric,TRAIN,0.0,0.0,0.0,4.304445164386849,4.304445164386849,4.0,4.375,4.625,,,False
original_interest_rate,numeric,VALIDATION,0.054407870189587176,0.0,0.0,4.306245728893877,4.304445164386849,3.875,4.25,4.75,,,False
mortgage_insurance_percentage,numeric,OOT,0.0020222522273310316,0.0,0.0,9.917620425103761,7.753059755219582,0.0,0.0,25.0,,,False
mortgage_insurance_percentage,numeric,OUT_OF_TIME,0.039509582242895885,0.0,0.0,12.074241994899404,7.753059755219582,0.0,0.0,25.0,,,False
mortgage_insurance_percentage,numeric,TRAIN,0.0,0.0,0.0,7.753059755219582,7.753059755219582,0.0,0.0,20.0,,,False
mortgage_insurance_percentage,numeric,VALIDATION,0.007472304219177182,0.0,0.0,8.633370744481855,7.753059755219582,0.0,0.0,25.0,,,False
default_year,numeric,OOT,9.715381498604529,0.0,0.0,2023.355175449629,2016.4326853851692,2023.0,2023.0,2024.0,,,True
default_year,numeric,OUT_OF_TIME,9.715381498604529,0.0,0.0,2025.274298668178,2016.4326853851692,2025.0,2025.0,2026.0,,,True
default_year,numeric,TRAIN,0.0,0.0,0.0,2016.4326853851692,2016.4326853851692,2015.5,2017.0,2018.0,,,False
default_year,numeric,VALIDATION,9.715381498604529,0.0,0.0,2020.0880409028557,2016.4326853851692,2020.0,2020.0,2020.0,,,True
rating_at_default,predictor,OOT,0.029492283233169853,0.0,0.0,,,,,,R5,0.8480694252295309,False
rating_at_default,predictor,OUT_OF_TIME,0.2867657160094526,0.011334655709832813,0.0,,,,,,R5,0.6724284499858317,True
rating_at_default,predictor,TRAIN,0.0,0.0,0.0,,,,,,R5,0.8252939764818814,False
rating_at_default,predictor,VALIDATION,0.234396642239196,0.0,0.0,,,,,,R5,0.6692230951490211,False
default_reason,predictor,OOT,0.015369786150185555,0.0,0.0,,,,,,DELINQUENCY_3_PLUS,0.999874229656647,False
default_reason,predictor,OUT_OF_TIME,0.012351955929879761,0.0,0.0,,,,,,DELINQUENCY_3_PLUS,0.9997166336072542,False
default_reason,predictor,TRAIN,0.0,0.0,0.0,,,,,,DELINQUENCY_3_PLUS,0.99592032637389,False
default_reason,predictor,VALIDATION,0.02800499926858673,0.0,0.0,,,,,,DELINQUENCY_3_PLUS,0.9998129442573886,False
property_state,predictor,OOT,0.08084333014843445,0.0,0.0,,,,,,FL,0.09923280090554647,False
property_state,predictor,OUT_OF_TIME,0.10012544160806128,0.0,0.0,,,,,,TX,0.10116180221025786,False
property_state,predictor,TRAIN,0.0,0.0,0.0,,,,,,FL,0.15478761699064075,False
property_state,predictor,VALIDATION,0.11321932020725549,0.0,0.0,,,,,,CA,0.13655069210624765,False
property_type,predictor,OOT,0.009334595480246318,0.0,0.0,,,,,,SF,0.6859514526474657,False
property_type,predictor,OUT_OF_TIME,0.015971302929226466,0.0,0.0,,,,,,SF,0.6639274582034571,False
property_type,predictor,TRAIN,0.0,0.0,0.0,,,,,,SF,0.7077033837293016,False
property_type,predictor,VALIDATION,0.011413603994444311,0.0,0.0,,,,,,SF,0.6691607432348173,False
occupancy_status,predictor,OOT,0.03265103684203295,0.0,0.0,,,,,,P,0.9441579675512514,False
occupancy_status,predictor,OUT_OF_TIME,0.044311255484273136,0.0,0.0,,,,,,P,0.9506942476622272,False
occupancy_status,predictor,TRAIN,0.0,0.0,0.0,,,,,,P,0.896328293736501,False
occupancy_status,predictor,VALIDATION,0.0012853666850924006,0.0,0.0,,,,,,P,0.8875794986906098,False
loan_purpose,predictor,OOT,0.5919099219047407,0.0,0.0,,,,,,P,0.5408124764180606,True
loan_purpose,predictor,OUT_OF_TIME,0.8421668587866669,0.0,0.0,,,,,,P,0.6248228960045339,True
loan_purpose,predictor,TRAIN,0.0,0.0,0.0,,,,,,N,0.5634749220062395,False
loan_purpose,predictor,VALIDATION,0.2668473854809871,0.0,0.0,,,,,,P,0.4822297044519267,True
channel,predictor,OOT,0.10687153772549556,0.0,0.0,,,,,,R,0.5613130423846057,False
channel,predictor,OUT_OF_TIME,0.1359543158986296,0.0,0.0,,,,,,R,0.5420799093227543,False
channel,predictor,TRAIN,0.0,0.0,0.0,,,,,,R,0.7161027117830574,False
channel,predictor,VALIDATION,0.0991165058838605,0.0,0.0,,,,,,R,0.5662800847986034,False
ever_modified_to_date_at_default,predictor,OOT,0.04395731436704728,0.0,0.0,,,,,,False,0.8759904414539051,False
ever_modified_to_date_at_default,predictor,OUT_OF_TIME,0.07143642974017131,0.0,0.0,,,,,,False,0.8566166052706149,False
ever_modified_to_date_at_default,predictor,TRAIN,0.0,0.0,0.0,,,,,,False,0.9361651067914567,False
ever_modified_to_date_at_default,predictor,VALIDATION,0.011706872230082294,0.0,0.0,,,,,,False,0.9599700710811822,False
ever_assistance_to_date_at_default,predictor,OOT,0.0,0.0,0.0,,,,,,True,1.0,False
ever_assistance_to_date_at_default,predictor,OUT_OF_TIME,0.0,0.0,0.0,,,,,,True,1.0,False
ever_assistance_to_date_at_default,predictor,TRAIN,0.0,0.0,0.0,,,,,,True,1.0,False
ever_assistance_to_date_at_default,predictor,VALIDATION,0.0,0.0,0.0,,,,,,True,1.0,False
current_ltv_band,predictor,OOT,1.6122870183715332,0.0,0.0,,,,,,<=60,0.5213180731983398,True
current_ltv_band,predictor,OUT_OF_TIME,1.7686697556426672,0.0,0.0,,,,,,<=60,0.4358175120430717,True
current_ltv_band,predictor,TRAIN,0.0,0.0,0.0,,,,,,UNKNOWN,0.6606671466282698,False
current_ltv_band,predictor,VALIDATION,1.8302399191543293,0.0,0.0,,,,,,<=60,0.4239930165856092,True
resolution_type,outcome_diagnostic,OOT,0.5346822513418119,0.0,0.0,,,,,,CURE,0.8098352408502075,True
resolution_type,outcome_diagnostic,OUT_OF_TIME,3.734564430022459,0.0,0.0,,,,,,UNRESOLVED,0.5449135732502125,True
resolution_type,outcome_diagnostic,TRAIN,0.0,0.0,0.0,,,,,,CURE,0.6539476841852652,False
resolution_type,outcome_diagnostic,VALIDATION,0.5713037160672625,0.0,0.0,,,,,,CURE,0.8719291682254645,True
