split,resolution_type,count,mean,median,min,max
OOT,CURE,6439,6.0782730237614535,5.0,2,45
OOT,OTHER_DOCUMENTED_TERMINAL,897,7.449275362318841,5.0,0,40
OOT,REO_FORECLOSURE,84,20.583333333333332,20.0,6,43
OOT,SHORT_SALE_OR_CHARGE_OFF,19,9.421052631578947,8.0,0,23
OOT,THIRD_PARTY_SALE,113,12.5929203539823,12.0,4,34
OUT_OF_TIME,CURE,1419,3.661028893587033,3.0,2,11
OUT_OF_TIME,OTHER_DOCUMENTED_TERMINAL,172,2.88953488372093,2.0,0,9
OUT_OF_TIME,REO_FORECLOSURE,2,7.0,7.0,4,10
OUT_OF_TIME,SHORT_SALE_OR_CHARGE_OFF,4,3.75,4.5,0,6
OUT_OF_TIME,THIRD_PARTY_SALE,9,7.222222222222222,6.0,4,11
TRAIN,CURE,2725,7.273394495412844,5.0,2,96
TRAIN,OTHER_DOCUMENTED_TERMINAL,615,6.678048780487805,3.0,0,52
TRAIN,REO_FORECLOSURE,341,19.33724340175953,17.0,4,55
TRAIN,SHORT_SALE_OR_CHARGE_OFF,222,7.481981981981982,5.0,0,41
TRAIN,THIRD_PARTY_SALE,249,13.70281124497992,12.0,1,45
VALIDATION,CURE,13984,8.727688787185354,6.0,2,83
VALIDATION,OTHER_DOCUMENTED_TERMINAL,1790,8.906145251396648,6.0,0,59
VALIDATION,REO_FORECLOSURE,98,28.132653061224488,26.5,4,60
VALIDATION,SHORT_SALE_OR_CHARGE_OFF,24,14.875,11.0,2,50
VALIDATION,THIRD_PARTY_SALE,107,24.02803738317757,22.0,3,55
