hpi_shock,unemployment_shock,mean_probability_weighted_lgd,mean_structural_lgd
-20.0,-1.0,0.4078762278829379,0.4242093650616641
-20.0,0.0,0.4078762278829379,0.4242093650616641
-20.0,1.0,0.4078762278829379,0.4242093650616641
-10.0,-1.0,0.4066365194237839,0.4242093650616641
-10.0,0.0,0.4066365194237839,0.4242093650616641
-10.0,1.0,0.4066365194237839,0.4242093650616641
-5.0,-1.0,0.40612249212942403,0.4242093650616641
-5.0,0.0,0.40612249212942403,0.4242093650616641
-5.0,1.0,0.40612249212942403,0.4242093650616641
0.0,-1.0,0.4056664822840664,0.4242093650616641
0.0,0.0,0.4056664822840664,0.4242093650616641
0.0,1.0,0.4056664822840664,0.4242093650616641
5.0,-1.0,0.4052608619422781,0.4242093650616641
5.0,0.0,0.4052608619422781,0.4242093650616641
5.0,1.0,0.4052608619422781,0.4242093650616641
10.0,-1.0,0.40489907310761036,0.4242093650616641
10.0,0.0,0.40489907310761036,0.4242093650616641
10.0,1.0,0.40489907310761036,0.4242093650616641
20.0,-1.0,0.40428519078191916,0.4242093650616641
20.0,0.0,0.40428519078191916,0.4242093650616641
20.0,1.0,0.40428519078191916,0.4242093650616641
