metric,bucket,value
unique_pd_current_values,all,12.0
unique_active_rating_grades,all,5.0
pd_relative_change_quantile,q0.00,0.4242572121775115
pd_relative_change_quantile,q0.01,0.4242572121775115
pd_relative_change_quantile,q0.05,0.42445706090131324
pd_relative_change_quantile,q0.25,0.6987366440322968
pd_relative_change_quantile,q0.50,1.0
pd_relative_change_quantile,q0.75,1.0
pd_relative_change_quantile,q0.95,5.135396595724216
pd_relative_change_quantile,q0.99,7.159261853940036
pd_relative_change_quantile,q1.00,7.961959488707835
pd_relative_change_bucket_rows,0-1x,4018756.0
pd_relative_change_bucket_rows,1-1.5x,5764208.0
pd_relative_change_bucket_rows,1.5-2x,50.0
pd_relative_change_bucket_rows,2-3x,78.0
pd_relative_change_bucket_rows,3-5x,175671.0
pd_relative_change_bucket_rows,5-10x,614140.0
pd_relative_change_bucket_rows,>10x,0.0
