method,split,rows,actual_mean_ead,predicted_mean_ead,oe_ratio,mae,rmse,mape
current_balance,OOT,134389,239956.9803579162,246137.22160065183,0.9748910741636516,6236.695866253935,11318.97556717601,0.0480797977244008
current_balance,OUT_OF_TIME,12027,267791.59911033505,268625.4266541947,0.9968959470656028,915.5242529309053,2700.596288767659,0.0052105451056344955
current_balance,TRAIN,485655,183981.32687461266,203409.68180467616,0.904486577247982,19429.432360214556,30253.23308181545,0.21334852003558552
current_balance,VALIDATION,301998,206245.06700723185,212852.54871323652,0.9689574696382587,6627.470136457857,13269.641362853685,0.0687471635099861
contractual_amortization,OOT,134389,239956.9803579162,239115.49221514718,1.0035191703179644,1572.3264896508765,5616.689016517227,0.017997037651482587
contractual_amortization,OUT_OF_TIME,12027,267791.59911033505,266879.2058004408,1.0034187500939151,986.9610248431438,2454.238203072244,0.005040561447905385
contractual_amortization,TRAIN,485655,183981.32687461266,184433.01065899184,0.9975509601954374,2473.846557223455,9744.176344593361,0.0602684023267732
contractual_amortization,VALIDATION,301998,206245.06700723185,205583.72650126892,1.0032168913231507,1658.940492667342,5629.700902173647,0.02522045754122661
empirical_model,OOT,134389,239956.9803579162,244768.52665311593,0.9803424633019971,8061.798451830313,12280.115194513928,0.048162570372929245
empirical_model,OUT_OF_TIME,12027,267791.59911033505,278287.5148117511,0.9622839145028981,13696.478142060212,17624.411177202182,0.057260676675793376
empirical_model,TRAIN,485655,183981.32687461266,183981.32807285635,0.9999999934871451,6130.63275510671,12087.24753276126,0.08924765148916533
empirical_model,VALIDATION,301998,206245.06700723185,208369.19841708703,0.989805924167336,7485.643576585943,11268.83791856612,0.05819176835849825
