method,split,rows,actual_mean_ead,predicted_mean_ead,oe_ratio,mae,rmse,mape,segment,segment_value
current_balance,OOT,14824,243416.28660820294,243481.22647261198,0.9997332859483672,125.73678831624402,664.2867596453692,0.0007457046943399053,months_to_default,0-3
current_balance,OOT,45209,243135.4088393904,249856.98397133316,0.9730983099807451,6778.483421442633,9863.40130931327,0.04495413390889209,months_to_default,13-24
current_balance,OOT,28627,220650.21954413666,235333.37953749954,0.9376069811166623,14688.387528906276,19590.870250935728,0.11516860123771572,months_to_default,25-60
current_balance,OOT,15197,245859.6779364348,246872.94563663882,0.9958955903507734,1084.9684069224188,4763.166443835132,0.01619894886932223,months_to_default,4-6
current_balance,OOT,30532,248735.21360965545,251682.43722127602,0.9882899115084879,3041.340460827984,6965.00224267762,0.028689148143994755,months_to_default,7-12
current_balance,OUT_OF_TIME,5379,268072.53784718347,268111.7790723183,0.9998536385634731,148.84511433351898,2172.8089857618024,0.0009507796853179126,months_to_default,0-3
current_balance,OUT_OF_TIME,3881,269167.7459752641,270084.3660319505,0.9966061713598855,969.798283947436,2626.836160564514,0.0050872091348830575,months_to_default,4-6
current_balance,OUT_OF_TIME,2767,265315.27260209614,267577.63721358875,0.991545016111766,2329.810328876039,3583.9273413433284,0.01366580579069635,months_to_default,7-12
current_balance,TRAIN,10931,180020.58072454488,180177.2149254414,0.9991306658782503,179.8677550086907,418.8978649468402,0.0011172221727600799,months_to_default,0-3
current_balance,TRAIN,86046,202174.60605873604,210319.11445180484,0.9612754722066161,8145.6342074006925,12132.083343491411,0.08494709282642038,months_to_default,13-24
current_balance,TRAIN,251391,191930.66561981133,210641.04933076364,0.91117408610336,18710.606758078055,25915.988041159064,0.17618086108208889,months_to_default,25-60
current_balance,TRAIN,11271,180075.35600301658,181092.72126341937,0.9943820753628031,1023.1267722473602,4574.355296629446,0.03145642841062403,months_to_default,4-6
current_balance,TRAIN,103380,151590.2323459083,189865.41011539954,0.7984088952999511,38275.1777694912,50341.82476251167,0.4872959902070566,months_to_default,60+
current_balance,TRAIN,22636,178329.23945043294,181023.465584909,0.9851167022696716,2696.4973617246865,5784.09617012359,0.05964938963113668,months_to_default,7-12
current_balance,VALIDATION,41372,227811.53204534465,227833.62669849175,0.9999030228616063,69.45156603499957,894.8654667871347,0.00036561106774372253,months_to_default,0-3
current_balance,VALIDATION,82807,206678.53154431388,213290.46181482243,0.9690003471592228,6625.466637723864,10211.966463044808,0.053844242299024604,months_to_default,13-24
current_balance,VALIDATION,52597,164354.80002395576,181109.57640530827,0.9074881808355805,16757.470248683385,22958.58014108584,0.195325024786108,months_to_default,25-60
current_balance,VALIDATION,40312,225974.8281303334,226978.65626141097,0.9955774338098051,1035.3279018654498,3393.4106724096937,0.008885417426501764,months_to_default,4-6
current_balance,VALIDATION,9558,137812.24979179748,167622.01702552836,0.8221607891212112,29809.7672337309,38337.46553911167,0.41214493659584583,months_to_default,60+
current_balance,VALIDATION,75352,221293.0474137382,224483.1286614821,0.9857892160236483,3210.5823858689882,5491.50560260031,0.02314426596888255,months_to_default,7-12
current_balance,OOT,11485,160744.79568741837,171658.25516760992,0.9364233344354137,10922.467549847628,16536.37817624953,0.1450909013734611,rating,R1
current_balance,OOT,6190,101563.45332794829,106209.72578675282,0.9562537947971611,4652.20923101777,7145.547343112013,0.04871070584724204,rating,R2
current_balance,OOT,48544,345774.34954391886,353719.2599250165,0.9775389375665271,8011.224328856295,13509.144124356235,0.02496341353272811,rating,R3
current_balance,OOT,19555,117087.66034160061,120382.22251495782,0.9726324858892861,3323.1726003579647,5795.655529921883,0.045042343344974076,rating,R4
current_balance,OOT,44796,214139.92825721044,218599.8905123225,0.9795976006911099,4537.399936601482,8748.30839948256,0.04800184354187276,rating,R5
current_balance,OUT_OF_TIME,853,211460.82757327083,212988.81124267293,0.9928259909030566,1533.2584173505284,2699.360819397546,0.012912607948555147,rating,R1
current_balance,OUT_OF_TIME,384,106262.46671875,106675.855390625,0.9961248150262189,556.749609375,914.4721055271385,0.0052547399147023855,rating,R2
current_balance,OUT_OF_TIME,4010,373500.1239201995,374422.0409775561,0.9975377596496467,944.427391521196,3130.005344093109,0.0024947373676258294,rating,R3
current_balance,OUT_OF_TIME,1178,122097.7585229202,122383.28659592531,0.9976669357316098,309.4773938879456,493.3564202939353,0.002548863649515702,rating,R4
current_balance,OUT_OF_TIME,5349,236916.28008412788,237783.79776780706,0.9963516535112023,928.9100859973828,1753.2411049236887,0.006391351791352535,rating,R5
current_balance,TRAIN,41638,178621.76064916662,214247.97023944472,0.8337150660029029,35627.233626975365,50348.98096645676,0.7001624527510776,rating,R1
current_balance,TRAIN,33808,86114.07340244912,104425.71050076904,0.8246443619056337,18311.956109796498,25653.85636009345,0.4022617514178496,rating,R2
current_balance,TRAIN,185070,268898.07045512507,293404.86176198197,0.9164744879833059,24507.678504781976,35252.65453935256,0.142480301757975,rating,R3
current_balance,TRAIN,141585,99785.13631549953,111505.87127640638,0.8948868357626398,11721.482183282127,17490.02554635383,0.17348707501339924,rating,R4
current_balance,TRAIN,68113,176399.42941817272,188249.3423121871,0.9370520356221864,11852.823127596788,19629.77512210651,0.09981968510857657,rating,R5
current_balance,VALIDATION,46280,196939.24488547968,207780.66542631807,0.9478227653251842,10913.31983599827,19974.0613008036,0.15411586946742747,rating,R1
current_balance,VALIDATION,27744,100956.98558427046,106753.18213415514,0.9457046953167102,5801.733287197231,10301.689743030924,0.07297232148785156,rating,R2
current_balance,VALIDATION,96997,301266.2150302587,308241.71970359905,0.9773700176600107,6986.279800200006,12990.56407932445,0.031194082846888183,rating,R3
current_balance,VALIDATION,51824,111774.50855877587,115744.82261770609,0.9656976962844914,3977.461607556344,7271.9179763236425,0.048911758526581146,rating,R4
current_balance,VALIDATION,73757,189186.71213322127,194704.18253711512,0.9716622913180507,5532.0489897908,12503.773546505263,0.07936702396462966,rating,R5
current_balance,OOT,42107,217075.34285225737,226404.193309426,0.9587955933112118,9347.947856650913,14844.351511277117,0.07092815197474758,observation_year,2022
current_balance,OOT,46323,242323.611801265,248651.97987414457,0.9745492954607372,6377.934594046155,11654.815066472569,0.05336083230958871,observation_year,2023
current_balance,OOT,39336,257559.55812538133,260910.17191580232,0.987157979446266,3448.977638804149,6153.88093321558,0.023447580182263256,observation_year,2024
current_balance,OOT,6623,264331.53011475166,266263.8562313151,0.9927428148006511,2025.5521319643665,4874.976404253889,0.012248718505487555,observation_year,2025
current_balance,OUT_OF_TIME,11497,267694.742565017,268567.0769505088,0.9967518938084412,956.246308602244,2761.980713865528,0.005444072309173782,observation_year,2025
current_balance,OUT_OF_TIME,530,269892.6551509434,269891.1748490566,1.000005484810267,32.16298113207537,139.1721240698484,0.00014829219721399254,observation_year,2026
current_balance,TRAIN,8774,166022.08362890358,197510.23543309778,0.8405745821974876,31489.45931046273,48969.980169917006,0.4747722149036515,observation_year,2012
current_balance,TRAIN,28683,164695.65997768714,196070.3531530872,0.8399824722562548,31375.295765784613,47101.9060598448,0.41770733844207325,observation_year,2013
current_balance,TRAIN,48796,162842.5417974834,189522.28243667516,0.8592263648570915,26680.17146630871,40249.980664977855,0.34777982708810273,observation_year,2014
current_balance,TRAIN,67884,168414.20819191565,192087.03834614932,0.8767598774073752,23673.65452374639,34980.20757920709,0.28076752565165713,observation_year,2015
current_balance,TRAIN,88247,178611.0785039718,199337.58348193142,0.896023095013398,20727.152995002663,30391.52275187556,0.22137881263138917,observation_year,2016
current_balance,TRAIN,111834,192081.04898519232,208883.72117889015,0.9195596856525365,16803.88181832001,24675.214952518123,0.15796772748020904,observation_year,2017
current_balance,TRAIN,131437,201990.52984311877,214485.08915259782,0.9417462567731706,12496.27158471359,19131.161760985622,0.10830709297533582,observation_year,2018
current_balance,VALIDATION,154081,210048.62507135858,217070.89362380825,0.9676498841681671,7031.328822697153,12948.34295169174,0.06552163793930771,observation_year,2019
current_balance,VALIDATION,108559,208512.65172413155,213201.97833620425,0.9780052387474661,4718.416691752872,11842.17387934839,0.056038357790407715,observation_year,2020
current_balance,VALIDATION,39358,185100.12165023628,195374.51292367498,0.947411813753555,10312.057327608109,17548.054726384336,0.11648339510319505,observation_year,2021
current_balance,OOT,35166,286994.0120767219,293515.98422083835,0.9777798399585305,6575.267430472617,12738.60771230242,0.033667050448519406,current_ltv_band,60-80
current_balance,OOT,25007,343898.56785700005,349305.03336185863,0.9845222227323079,5538.939065861558,10280.885403267468,0.01723030271278822,current_ltv_band,80-100
current_balance,OOT,57211,181617.3209319886,188249.76785373443,0.964767834790112,6656.791523658038,11191.567114270518,0.06150964318579494,current_ltv_band,<=60
current_balance,OOT,1407,319534.63797441364,326355.3861122957,0.9791002433906971,6997.395373134329,13356.488361567903,0.024532185241600342,current_ltv_band,>100
current_balance,OOT,15598,174072.44100269268,179006.37943069625,0.9724370804901186,4982.573531221951,9646.422005603272,0.0831509535523886,current_ltv_band,UNKNOWN
current_balance,OUT_OF_TIME,3130,308505.1523194888,309319.6050543131,0.997366954045214,855.8410351437691,1463.2214725573735,0.002816640160475594,current_ltv_band,60-80
current_balance,OUT_OF_TIME,3336,353823.84666067146,354611.20340827346,0.9977796619507944,849.7962919664262,3322.9412539836917,0.0023656002522964023,current_ltv_band,80-100
current_balance,OUT_OF_TIME,4289,191383.57327349033,192340.45062718584,0.9950250852039947,1088.182497085568,3141.7617840936337,0.008373507220298679,current_ltv_band,<=60
current_balance,OUT_OF_TIME,122,347843.75032786885,348473.31745901634,0.9981933562783568,633.3187704918034,1077.4054169453157,0.0018751964621312777,current_ltv_band,>100
current_balance,OUT_OF_TIME,1150,183887.8260608696,184471.93957391303,0.9968335915240409,654.6327826086964,1216.3241332778398,0.00855831052364603,current_ltv_band,UNKNOWN
current_balance,TRAIN,77377,213596.3028375357,227037.0870678626,0.9407991689643668,13441.078479522339,20354.581825796475,0.08638388084651924,current_ltv_band,60-80
current_balance,TRAIN,34733,220330.32930671118,231152.34669651338,0.9531823165783787,10822.673161546656,14591.870417998962,0.056395745499764,current_ltv_band,80-100
current_balance,TRAIN,68043,175588.6350935438,192665.3120475288,0.9113661054369125,17077.925060035566,25249.26452757251,0.21389600168361436,current_ltv_band,<=60
current_balance,TRAIN,2324,189723.26461703956,199639.39245697073,0.9503298035628492,9916.127839931152,13503.73404257429,0.058303931790957685,current_ltv_band,>100
current_balance,TRAIN,303178,174098.32667997017,196641.5046516238,0.885359003880733,22544.473545277033,34518.43315429685,0.2648271838529564,current_ltv_band,UNKNOWN
current_balance,VALIDATION,106560,229648.5549710961,235630.4045321884,0.9746134223511247,5989.757486955705,12142.68026227316,0.04916638218298956,current_ltv_band,60-80
current_balance,VALIDATION,46076,246438.9617883497,251548.6324858929,0.9796871457934492,5121.378336227103,9759.213986343735,0.032029084476380386,current_ltv_band,80-100
current_balance,VALIDATION,116493,173756.83545552095,181662.10986514212,0.956483636485948,7938.224939867632,15594.666417153661,0.10024182330157934,current_ltv_band,<=60
current_balance,VALIDATION,1263,217630.15783056212,223431.89231195566,0.9740335436389128,5802.87847189232,10790.259103160079,0.02827070884951672,current_ltv_band,>100
current_balance,VALIDATION,31606,188034.05058881224,194183.21408656586,0.968333187156886,6174.930924824401,12063.207877884177,0.07397436759625502,current_ltv_band,UNKNOWN
current_balance,OOT,58911,165492.98001256134,170282.56453955968,0.9718727249618934,4819.508352769431,8340.518785040133,0.03734924161551006,balance_band,100k-250k
current_balance,OOT,41631,342099.8990079508,349915.36842665327,0.9776646865959513,7917.45286180971,12212.831268097014,0.024525172433268856,balance_band,250k-500k
current_balance,OOT,22410,63740.80607630523,67842.42119410977,0.9395420292257987,4113.170292280232,7896.25082312308,0.1343209115413081,balance_band,<=100k
current_balance,OOT,11437,596994.782550494,608458.8224333305,0.9811588895416293,11579.403502666783,21955.29235471351,0.0212919414092206,balance_band,>500k
current_balance,OUT_OF_TIME,4917,170765.89983526542,171365.06231441937,0.9965035902239243,645.3163331299575,1179.4967305862258,0.003934017823031023,balance_band,100k-250k
current_balance,OUT_OF_TIME,4119,346235.9814251032,347208.7581985919,0.9971982942523233,1031.1044792425346,1728.70207807051,0.00306297202188702,balance_band,250k-500k
current_balance,OUT_OF_TIME,1635,65801.02943730887,66276.77382262998,0.9928218536014698,765.1447767584101,4162.139890109464,0.016605025336551726,balance_band,<=100k
current_balance,OUT_OF_TIME,1356,624884.1758038347,626578.6096976402,0.997295736133375,1725.5595280235952,5447.654595843535,0.0026911637227545458,balance_band,>500k
current_balance,TRAIN,245423,149898.67156069318,167128.3859361592,0.8969073130279165,17230.352967203566,25443.074978124532,0.22509593735641334,balance_band,100k-250k
current_balance,TRAIN,134123,306913.26482340833,335193.1277501249,0.9156311374384792,28281.742248234834,40721.59906272683,0.15311157855191182,balance_band,250k-500k
current_balance,TRAIN,95962,62590.24225568454,72666.253636231,0.8613385047894829,10077.07914111836,15070.33272790385,0.2797973765925027,balance_band,<=100k
current_balance,TRAIN,10147,531433.6244801419,575487.5579550606,0.9234493728561916,44055.117032620474,63891.569237709904,0.09886664968740434,balance_band,>500k
current_balance,VALIDATION,146627,162638.09754144872,168632.8960101482,0.9644505988420035,6007.981645467752,12081.574057450323,0.05450167750761717,balance_band,100k-250k
current_balance,VALIDATION,89807,331204.4084618126,339282.8604485174,0.9761896254469636,8118.78779905798,15854.59412023872,0.04622698022007418,balance_band,250k-500k
current_balance,VALIDATION,56815,65344.13311467042,70430.2214804189,0.9277854270675193,5091.177297544663,9427.867184367056,0.1486974410050155,balance_band,<=100k
current_balance,VALIDATION,8749,569374.8067436278,581030.9156829352,0.9799389178360552,11678.041777345981,21779.082553380787,0.02134771898028865,balance_band,>500k
contractual_amortization,OOT,14824,243416.28660820294,242640.82070809914,1.0031959416302696,786.2297969906438,1221.2699785415173,0.004146445638977011,months_to_default,0-3
contractual_amortization,OOT,45209,243135.4088393904,242204.2073738989,1.0038446956623424,1641.5385405875109,5264.202211616901,0.014647029102415544,months_to_default,13-24
contractual_amortization,OOT,28627,220650.21954413666,220187.2490418074,1.002102621765538,2128.5525224274365,7236.482481643318,0.02980617143032342,months_to_default,25-60
contractual_amortization,OOT,15197,245859.6779364348,244802.36989887516,1.004319026968556,1282.9146357159343,4780.58088521064,0.016680405085980562,months_to_default,4-6
contractual_amortization,OOT,30532,248735.21360965545,247747.03105872296,1.0039886756531837,1474.0426911822428,6051.900399623329,0.0192705527113885,months_to_default,7-12
contractual_amortization,OUT_OF_TIME,5379,268072.53784718347,267339.1011347494,1.0027434696582762,734.2655929753284,2355.1059276650444,0.003744623336921055,months_to_default,0-3
contractual_amortization,OUT_OF_TIME,3881,269167.7459752641,268131.45851254975,1.003864848490599,1159.7850027439795,2588.545611390922,0.005511128530182494,months_to_default,4-6
contractual_amortization,OUT_OF_TIME,2767,265315.27260209614,264228.76496959844,1.0041119960297384,1235.793287143048,2449.51869581699,0.006900273614119176,months_to_default,7-12
contractual_amortization,TRAIN,10931,180020.58072454488,179463.39327575045,1.003104741522068,567.7668189559121,790.4272726200835,0.0035279685816169736,months_to_default,0-3
contractual_amortization,TRAIN,86046,202174.60605873604,201656.772732644,1.0025678945421714,1539.6151470896548,6449.346926712721,0.042803561898894615,months_to_default,13-24
contractual_amortization,TRAIN,251391,191930.66561981133,192259.23003961518,0.9982910343511927,2448.96475166036,9845.217284734294,0.05921787034471696,months_to_default,25-60
contractual_amortization,TRAIN,11271,180075.35600301658,179319.3675502583,1.0042158773092171,899.8679302105874,4424.928288348824,0.03004366846735817,months_to_default,4-6
contractual_amortization,TRAIN,103380,151590.2323459083,153634.58645269374,0.9866933992274264,4000.620538544664,12984.991209634949,0.08977098856683956,months_to_default,60+
contractual_amortization,TRAIN,22636,178329.23945043294,177648.37140462204,1.0038326726016538,1032.7666152621189,4737.868941539591,0.04642348325421729,months_to_default,7-12
contractual_amortization,VALIDATION,41372,227811.53204534465,226900.09627877173,1.004016903392818,912.7478848324379,1505.0810180072979,0.004605448832755111,months_to_default,0-3
contractual_amortization,VALIDATION,82807,206678.53154431388,206002.85951064288,1.0032799157995964,1661.0322371484033,6322.750023337979,0.02314801818389905,months_to_default,13-24
contractual_amortization,VALIDATION,52597,164354.80002395576,164653.2143731911,0.9981876190490945,2335.6022281187275,8123.8533391981355,0.060943972292301106,months_to_default,25-60
contractual_amortization,VALIDATION,40312,225974.8281303334,224673.1166956148,1.0057938014741752,1432.7153186517764,3547.9417385584893,0.010651860259690359,months_to_default,4-6
contractual_amortization,VALIDATION,9558,137812.24979179748,139487.5614937253,0.9879895262058676,3531.580838268549,9854.60080126916,0.0907837841035915,months_to_default,60+
contractual_amortization,VALIDATION,75352,221293.0474137382,220161.040925386,1.005141720277094,1477.509143509059,4089.813542433123,0.013447917302745756,months_to_default,7-12
contractual_amortization,OOT,11485,160744.79568741837,160212.00907470117,1.0033255098403315,2511.82059233234,4821.324063391278,0.04042210355228872,rating,R1
contractual_amortization,OOT,6190,101563.45332794829,101065.92778501692,1.004922782126828,1012.0706555871768,2745.495956465409,0.010073382112734638,rating,R2
contractual_amortization,OOT,48544,345774.34954391886,344578.4082181305,1.0034707378560739,1923.35307294648,7280.857089019943,0.005965908293997859,rating,R3
contractual_amortization,OOT,19555,117087.66034160061,116649.69663308343,1.0037545207673775,785.240159499022,3185.9720098943185,0.02159142390046883,rating,R4
contractual_amortization,OOT,44796,214139.92825721044,213344.659521879,1.0037276242916682,1350.1870631882289,4129.285548634783,0.022421573970139587,rating,R5
contractual_amortization,OUT_OF_TIME,853,211460.82757327083,209864.86122996313,1.0076047335125764,1639.7671657734968,2088.01837792065,0.012205688602821183,rating,R1
contractual_amortization,OUT_OF_TIME,384,106262.46671875,105521.43076084339,1.0070226109764007,748.3884019407373,996.6090840623024,0.0070046871452262216,rating,R2
contractual_amortization,OUT_OF_TIME,4010,373500.1239201995,372544.49424542603,1.0025651423911366,1099.0097003757205,2850.4132644379974,0.0028640690433129265,rating,R3
contractual_amortization,OUT_OF_TIME,1178,122097.7585229202,121740.79831506815,1.0029321329644005,367.0654929683931,463.7028861360542,0.0029872852927096145,rating,R4
contractual_amortization,OUT_OF_TIME,5349,236916.28008412788,236048.42527772347,1.0036765964669467,917.6947887743912,1387.4936840377668,0.005591755147488364,rating,R5
contractual_amortization,TRAIN,41638,178621.76064916662,181256.46162113838,0.9854642369799825,6189.22391461092,17595.36020287537,0.31103251198063664,rating,R1
contractual_amortization,TRAIN,33808,86114.07340244912,86842.79753175906,0.9916086981301652,2388.385848272591,6527.176912525169,0.08036806995489726,rating,R2
contractual_amortization,TRAIN,185070,268898.07045512507,269171.7094861295,0.9989834034508053,2873.9704436381576,11555.9902390252,0.04023961894782935,rating,R3
contractual_amortization,TRAIN,141585,99785.13631549953,100107.52364182367,0.996779589439475,1394.6233122695417,4968.748471078084,0.02895386852459449,rating,R4
contractual_amortization,TRAIN,68113,176399.42941817272,176114.37347630408,1.0016185841975414,1374.7565502022187,5227.908584400991,0.016847217780444707,rating,R5
contractual_amortization,VALIDATION,46280,196939.24488547968,196296.27363140334,1.0032755143140601,3034.8929998032568,9200.466093562181,0.04680183041935395,rating,R1
contractual_amortization,VALIDATION,27744,100956.98558427046,100814.13874312559,1.0014169326140736,1331.532395579387,3964.4077038962787,0.01626571321473986,rating,R2
contractual_amortization,VALIDATION,96997,301266.2150302587,300177.1194345471,1.0036281765837556,1750.034523726107,4805.98696810715,0.011631855441037177,rating,R3
contractual_amortization,VALIDATION,51824,111774.50855877587,111534.87093880214,1.0021485443786027,892.0467679574285,3263.469863496418,0.01589605759396349,rating,R4
contractual_amortization,VALIDATION,73757,189186.71213322127,188608.34819674134,1.0030664811075947,1326.148382266899,5611.666784217059,0.0407884178193737,rating,R5
contractual_amortization,OOT,42107,217075.34285225737,216273.53134000546,1.0037073954786977,1767.5685679357052,5632.334518719065,0.019112657627751852,observation_year,2022
contractual_amortization,OOT,46323,242323.611801265,241548.04576207083,1.003210814795654,1670.6731874112447,7068.305062261737,0.024373432395930757,observation_year,2023
contractual_amortization,OOT,39336,257559.55812538133,256612.0891043473,1.003692222858015,1310.8935236745265,3502.9482662296286,0.011088636938751981,observation_year,2024
contractual_amortization,OOT,6623,264331.53011475166,263406.1661366136,1.0035130687778135,1195.9041552031717,4015.8412324609126,0.007342238580234468,observation_year,2025
contractual_amortization,OUT_OF_TIME,11497,267694.742565017,266765.14538671466,1.0034847025347138,1007.60238902598,2505.6258777334224,0.005150849293284741,observation_year,2025
contractual_amortization,OUT_OF_TIME,530,269892.6551509434,269353.4559449872,1.0020018276879519,539.1992059562219,703.1373372576195,0.002649812286464978,observation_year,2026
contractual_amortization,TRAIN,8774,166022.08362890358,167306.202681886,0.9923247373235526,3111.908910830179,10060.700782029542,0.09593407528052142,observation_year,2012
contractual_amortization,TRAIN,28683,164695.65997768714,166017.54894866084,0.9920376551795589,3201.119202884008,11591.954860661566,0.11099505258809196,observation_year,2013
contractual_amortization,TRAIN,48796,162842.5417974834,163908.98963154346,0.9934936586671825,2925.5129830287146,11821.461253222842,0.10224899798679994,observation_year,2014
contractual_amortization,TRAIN,67884,168414.20819191565,169312.09428688133,0.9946968579016907,2809.3438876106175,10991.315572257728,0.08240378878117614,observation_year,2015
contractual_amortization,TRAIN,88247,178611.0785039718,179192.9854106306,0.9967526245219627,2594.128354521199,10058.529912283484,0.06587271933075939,observation_year,2016
contractual_amortization,TRAIN,111834,192081.04898519232,192273.86139076154,0.9989971990775316,2291.011160602436,8762.130120838236,0.04471541485582812,observation_year,2017
contractual_amortization,TRAIN,131437,201990.52984311877,201870.88983946363,1.0005926560473888,2006.3950017555014,8199.007278043553,0.029275364220614736,observation_year,2018
contractual_amortization,VALIDATION,154081,210048.62507135858,209385.36231626442,1.0031676653408672,1713.8131629677248,5858.307238161943,0.02176089473991214,observation_year,2019
contractual_amortization,VALIDATION,108559,208512.65172413155,207761.41369760374,1.003615868862065,1505.3042785664945,4740.157924671188,0.02298561273715033,observation_year,2020
contractual_amortization,VALIDATION,39358,185100.12165023628,184694.26584886722,1.002197446680349,1867.8880472692188,6845.10468917826,0.044952431514979234,observation_year,2021
contractual_amortization,OOT,35166,286994.0120767219,286055.8201707814,1.0032797511526959,1725.078042679211,7586.123113844674,0.014777812282577171,current_ltv_band,60-80
contractual_amortization,OOT,25007,343898.56785700005,342920.6127432718,1.0028518411474447,1636.2393483633743,6420.999213396381,0.005212948773210856,current_ltv_band,80-100
contractual_amortization,OOT,57211,181617.3209319886,180795.7050126111,1.0045444437926232,1495.5520224604497,3287.4910141107625,0.020167010304677508,current_ltv_band,<=60
contractual_amortization,OOT,1407,319534.63797441364,318948.89467720815,1.001836480097535,2052.9780987389954,9334.165431534697,0.0073508471025311595,current_ltv_band,>100
contractual_amortization,OOT,15598,174072.44100269268,173571.8024116805,1.0028843313490792,1363.7188000000654,5334.668621537098,0.03887626188848969,current_ltv_band,UNKNOWN
contractual_amortization,OUT_OF_TIME,3130,308505.1523194888,307578.69872067834,1.0030120863462388,930.7089122064892,1237.5653206123682,0.003047386345659805,current_ltv_band,60-80
contractual_amortization,OUT_OF_TIME,3336,353823.84666067146,353003.8861726727,1.0023228086718505,990.4696743643295,3048.284719970874,0.002712516539922672,current_ltv_band,80-100
contractual_amortization,OUT_OF_TIME,4289,191383.57327349033,190333.46691506836,1.0055171924067907,1106.6762754759204,2870.3137649120836,0.007497055449150777,current_ltv_band,<=60
contractual_amortization,OUT_OF_TIME,122,347843.75032786885,347041.02540873084,1.0023130548274302,802.7249191379641,965.1903223290806,0.0022743960715480077,current_ltv_band,>100
contractual_amortization,OUT_OF_TIME,1150,183887.8260608696,183247.54103960784,1.003494098843724,702.9456793493226,1021.7440813410674,0.008367706873681975,current_ltv_band,UNKNOWN
contractual_amortization,TRAIN,77377,213596.3028375357,213435.13900460376,1.00075509512484,1884.5701221122833,8475.509583391411,0.02105931094114595,current_ltv_band,60-80
contractual_amortization,TRAIN,34733,220330.32930671118,219843.16458457013,1.0022159648359394,1393.5116286959762,4380.947275554841,0.008394337548642222,current_ltv_band,80-100
contractual_amortization,TRAIN,68043,175588.6350935438,175940.69195808392,0.9979990026149039,2714.6752531114685,9808.540427004313,0.06595841917467396,current_ltv_band,<=60
contractual_amortization,TRAIN,2324,189723.26461703956,188949.5296139224,1.0040949295015347,1075.589773373755,1505.7385061749453,0.006249551366455762,current_ltv_band,>100
contractual_amortization,TRAIN,303178,174098.32667997017,174845.73153589945,0.9957253468565469,2704.67649080538,10485.951292503945,0.0753653501060746,current_ltv_band,UNKNOWN
contractual_amortization,VALIDATION,106560,229648.5549710961,228920.93314949467,1.0031784853031604,1523.890260693705,5513.117334344473,0.023656612034316165,current_ltv_band,60-80
contractual_amortization,VALIDATION,46076,246438.9617883497,245654.0083047648,1.003195362001222,1356.7767216346529,4345.008649058408,0.01249783633123938,current_ltv_band,80-100
contractual_amortization,VALIDATION,116493,173756.83545552095,173206.64188609208,1.0031765154236447,1932.908541469591,6356.973348697086,0.032965581563756646,current_ltv_band,<=60
contractual_amortization,VALIDATION,1263,217630.15783056212,216704.2459169041,1.004272698533157,1104.3050668713968,1417.2217229133994,0.005615052789138307,current_ltv_band,>100
contractual_amortization,VALIDATION,31606,188034.05058881224,187377.29282541745,1.0035050018787852,1567.1413174117845,4879.513205297816,0.0213011069403328,current_ltv_band,UNKNOWN
contractual_amortization,OOT,58911,165492.98001256134,164780.6716128297,1.0043227666980585,1140.4342370228005,3090.9901197166146,0.012339085759400582,balance_band,100k-250k
contractual_amortization,OOT,41631,342099.8990079508,340733.2950727214,1.004010773103162,1893.7663632097335,4526.739366834462,0.0059571807454460585,balance_band,250k-500k
contractual_amortization,OOT,22410,63740.80607630523,63787.18872982795,0.9992728531473746,1181.005872420914,4383.343052138876,0.06114309951749396,balance_band,<=100k
contractual_amortization,OOT,11437,596994.782550494,595659.6162726324,1.0022414920222666,3393.68140357649,14465.174001428668,0.00701648807659652,balance_band,>500k
contractual_amortization,OUT_OF_TIME,4917,170765.89983526542,170100.8799528662,1.0039095616823586,678.765989007337,958.159509796033,0.004105254425205203,balance_band,100k-250k
contractual_amortization,OUT_OF_TIME,4119,346235.9814251032,345092.91148822533,1.0033123541481868,1144.258430287524,1442.1468253555029,0.0033623513415472206,balance_band,250k-500k
contractual_amortization,OUT_OF_TIME,1635,65801.02943730887,65229.133906615236,1.0087674861897198,729.6728440844927,4062.3941096389544,0.013811738442030043,balance_band,<=100k
contractual_amortization,OUT_OF_TIME,1356,624884.1758038347,623364.9299973028,1.0024371691980465,1936.9264774387593,4886.527858344017,0.003005714168602481,balance_band,>500k
contractual_amortization,TRAIN,245423,149898.67156069318,150309.85973799575,0.9972643965071931,2153.502222204073,7538.872656761148,0.06814868456579892,balance_band,100k-250k
contractual_amortization,TRAIN,134123,306913.26482340833,307253.39119200176,0.9988930102047893,3471.6543197078254,12511.247095254035,0.050698329317121524,balance_band,250k-500k
contractual_amortization,TRAIN,95962,62590.24225568454,63081.3891995053,0.9922140753389653,1397.937699363713,4583.849478943085,0.05756841721137404,balance_band,<=100k
contractual_amortization,TRAIN,10147,531433.6244801419,533966.1208147007,0.995257196597614,7207.981082078813,30034.23445442065,0.02172047086757637,balance_band,>500k
contractual_amortization,VALIDATION,146627,162638.09754144872,162105.59756007773,1.0032848957061686,1451.9759380272703,5304.314738083182,0.019370037824384078,balance_band,100k-250k
contractual_amortization,VALIDATION,89807,331204.4084618126,330018.2113816965,1.0035943382492432,2144.047043854038,7007.42477685829,0.02519495516699041,balance_band,250k-500k
contractual_amortization,VALIDATION,56815,65344.13311467042,65402.01669789985,0.9991149572115366,1196.1261763813227,3693.660417603709,0.04343504767927269,balance_band,<=100k
contractual_amortization,VALIDATION,8749,569374.8067436278,567271.1960500058,1.003708298091406,3153.4453607181313,5460.868204288542,0.00565981169439829,balance_band,>500k
empirical_model,OOT,14824,243416.28660820294,250201.04960846034,0.9728827556444113,11118.55252347178,14643.78119868053,0.05398845756122508,months_to_default,0-3
empirical_model,OOT,45209,243135.4088393904,247516.02412810398,0.9823016901465484,7128.715744294823,10449.224120959227,0.03987724888585047,months_to_default,13-24
empirical_model,OOT,28627,220650.21954413666,221211.7088352454,0.9974617560071066,3729.185942344708,8340.808391261444,0.039264180754226996,months_to_default,25-60
empirical_model,OOT,15197,245859.6779364348,253576.00506883065,0.9695699633318959,11513.143223711713,15618.799919528492,0.06359818339549991,months_to_default,4-6
empirical_model,OOT,30532,248735.21360965545,255765.8553754989,0.9725114137869516,10303.709416644986,14536.987832458899,0.05825733345764408,months_to_default,7-12
empirical_model,OUT_OF_TIME,5379,268072.53784718347,278635.2473065393,0.9620912660495701,13939.103810677309,17990.82775075102,0.05896065637170088,months_to_default,0-3
empirical_model,OUT_OF_TIME,3881,269167.7459752641,280260.15849920415,0.9604210153047082,14180.90382257617,18213.1037073321,0.057971049883026905,months_to_default,4-6
empirical_model,OUT_OF_TIME,2767,265315.27260209614,274844.6947031602,0.9653279750902374,12545.361576258329,15989.364699450825,0.05295907879411149,months_to_default,7-12
empirical_model,TRAIN,10931,180020.58072454488,182829.6396662812,0.9846356479897697,8193.481465596065,10258.634275805802,0.05173263681399549,months_to_default,0-3
empirical_model,TRAIN,86046,202174.60605873604,203754.98188511425,0.9922437438743495,5834.811381283642,9543.90861384888,0.0629648706935823,months_to_default,13-24
empirical_model,TRAIN,251391,191930.66561981133,191413.08064735794,1.0027040209096627,4081.6823340869087,10345.762795511493,0.06756384649390482,months_to_default,25-60
empirical_model,TRAIN,11271,180075.35600301658,183459.52631973385,0.9815535863162574,8364.377484073202,10924.966425597859,0.07191319336947934,months_to_default,4-6
empirical_model,TRAIN,103380,151590.2323459083,150227.87716281143,1.0090685910553099,10600.978533277439,17434.432449060314,0.17273264168259314,months_to_default,60+
empirical_model,TRAIN,22636,178329.23945043294,181250.3933328887,0.9838833238993822,7485.645062084008,10059.925354496176,0.07648102884299911,months_to_default,7-12
empirical_model,VALIDATION,41372,227811.53204534465,230756.4004374195,0.9872381941021242,9689.187716149545,12860.291443164151,0.05149384887957881,months_to_default,0-3
empirical_model,VALIDATION,82807,206678.53154431388,208623.00239654953,0.9906794992407424,6546.702803286204,10407.185819023274,0.05010403109397714,months_to_default,13-24
empirical_model,VALIDATION,52597,164354.80002395576,164243.86691270937,1.0006754170693348,3681.258519041386,8613.764696388953,0.07117400653220768,months_to_default,25-60
empirical_model,VALIDATION,40312,225974.8281303334,229595.30241352218,0.9842310611535597,9885.101754271185,13036.813066801176,0.05524852627463297,months_to_default,4-6
empirical_model,VALIDATION,9558,137812.24979179748,137295.11933605518,1.0037665611002276,7947.642786235029,12521.451288819355,0.148952852652917,months_to_default,60+
empirical_model,VALIDATION,75352,221293.0474137382,224258.61524179525,0.9867761253013198,8620.879998175333,11683.62340129729,0.05181575034832673,months_to_default,7-12
empirical_model,OOT,11485,160744.79568741837,156990.9622998921,1.0239111432437462,7166.187365550558,11360.84488108445,0.08166926380163815,rating,R1
empirical_model,OOT,6190,101563.45332794829,100794.53530958404,1.0076285685131894,3259.6511547046184,5606.964370968916,0.033068877175379686,rating,R2
empirical_model,OOT,48544,345774.34954391886,354633.33992167644,0.9750192963252858,10649.031916656795,15168.352224369202,0.03150221195573861,rating,R3
empirical_model,OOT,19555,117087.66034160061,119618.025240582,0.9788462909842208,4001.5991003752715,5667.695593338595,0.04947224159296909,rating,R4
empirical_model,OOT,44796,214139.92825721044,218239.19877248496,0.9812166167291146,7758.924247188549,11355.898710173344,0.05681121605769065,rating,R5
empirical_model,OUT_OF_TIME,853,211460.82757327083,205297.09114219193,1.0300234961771075,9460.18198438847,15275.290162310674,0.08018330349063074,rating,R1
empirical_model,OUT_OF_TIME,384,106262.46671875,105587.44775206828,1.0063929849717246,3263.8014799834423,5053.7011107986955,0.0324104060832319,rating,R2
empirical_model,OUT_OF_TIME,4010,373500.1239201995,393181.7380153103,0.9499427053899833,20130.626022563192,22642.77700630578,0.05439919661719845,rating,R3
empirical_model,OUT_OF_TIME,1178,122097.7585229202,128451.70457142455,0.9505343578763387,6542.056504433331,7037.643274402679,0.054627142673423876,rating,R4
empirical_model,OUT_OF_TIME,5349,236916.28008412788,244481.5511234372,0.9690558612519206,11514.596266211924,15264.463169189594,0.05769597994975853,rating,R5
empirical_model,TRAIN,41638,178621.76064916662,178462.86622112629,1.0008903500846134,10921.826638560444,20445.16348190473,0.3503535384923046,rating,R1
empirical_model,TRAIN,33808,86114.07340244912,85996.40106942087,1.001368340204531,5226.418043316795,9065.4324494936,0.14420219015440636,rating,R2
empirical_model,TRAIN,185070,268898.07045512507,268901.72891090094,0.9999863948224108,7329.189991515333,14119.747465101782,0.059245332126855135,rating,R3
empirical_model,TRAIN,141585,99785.13631549953,99691.55231047641,1.0009387355583717,3616.996440966936,6490.127735156335,0.0599200455575686,rating,R4
empirical_model,TRAIN,68113,176399.42941817272,176867.37356971434,0.9973542652774386,5411.896428865107,8634.87116375151,0.04463342386380472,rating,R5
empirical_model,VALIDATION,46280,196939.24488547968,191320.50479221632,1.0293682065043974,11066.509519346484,17134.45970248089,0.10717857946354827,rating,R1
empirical_model,VALIDATION,27744,100956.98558427046,99965.66422463508,1.009916618544221,3835.12401365345,6585.381391163496,0.0421523902220382,rating,R2
empirical_model,VALIDATION,96997,301266.2150302587,308074.32039180334,0.9779010942785292,9329.954565504608,11666.251509834985,0.03671091479649195,rating,R3
empirical_model,VALIDATION,51824,111774.50855877587,113427.74267491943,0.9854247816525655,3688.335228670005,5202.037107386991,0.040552153059795426,rating,R4
empirical_model,VALIDATION,73757,189186.71213322127,191399.67423445857,0.9884380048707581,6810.698151055387,10634.506339893856,0.07606325448230129,rating,R5
empirical_model,OOT,42107,217075.34285225737,218650.4746300214,0.9927961200156125,5574.565383815839,9498.298828354347,0.04038546555299448,observation_year,2022
empirical_model,OOT,46323,242323.611801265,246845.45133385985,0.9816814954127754,7550.458300775391,12306.026238233375,0.052266908099457894,observation_year,2023
empirical_model,OOT,39336,257559.55812538133,265368.5572571472,0.9705730052856306,10593.316654758184,13982.020989316181,0.05069790199403968,observation_year,2024
empirical_model,OOT,6623,264331.53011475166,273942.7121748074,0.9649153577266086,12415.857425381857,16311.221313981305,0.053818873007065685,observation_year,2025
empirical_model,OUT_OF_TIME,11497,267694.742565017,278227.58532907476,0.9621430680512862,13712.71980868099,17649.273716830205,0.05724997373798748,observation_year,2025
empirical_model,OUT_OF_TIME,530,269892.6551509434,279587.53228784463,0.9653243581444109,13344.156555005335,17076.1743851067,0.05749268809551416,observation_year,2026
empirical_model,TRAIN,8774,166022.08362890358,165315.11445576182,1.0042764944722036,10639.059479579528,17496.082395666544,0.19701397517296043,observation_year,2012
empirical_model,TRAIN,28683,164695.65997768714,163967.36199669933,1.0044417253050792,9824.902825250892,16814.171211409885,0.18070231607950243,observation_year,2013
empirical_model,TRAIN,48796,162842.5417974834,162290.0955086599,1.0034040665703718,8084.6070480940025,14921.546469765626,0.1511232446714998,observation_year,2014
empirical_model,TRAIN,67884,168414.20819191565,167993.39408263256,1.0025049443853495,6675.913451810232,12927.868651903273,0.11544291500581366,observation_year,2015
empirical_model,TRAIN,88247,178611.0785039718,178298.3671588064,1.0017538654455926,5452.409714155775,11417.475286099556,0.08700673723098078,observation_year,2016
empirical_model,TRAIN,111834,192081.04898519232,192016.81661944397,1.0003345142726516,4891.505085067121,10263.104140777583,0.06157093619664234,observation_year,2017
empirical_model,TRAIN,131437,201990.52984311877,202883.70463422625,0.9955976021202996,5526.131006192056,10563.445952122443,0.05065063841262156,observation_year,2018
empirical_model,VALIDATION,154081,210048.62507135858,212226.19604559033,0.9897393864904219,7507.024357658916,11195.319844315902,0.05404372561026081,observation_year,2019
empirical_model,VALIDATION,108559,208512.65172413155,210922.07669463495,0.9885767056333715,8165.510627142684,11773.51949172462,0.06003498726414728,observation_year,2020
empirical_model,VALIDATION,39358,185100.12165023628,186228.13523984875,0.993942840118333,5526.701067568864,10068.585085289531,0.06936175366612014,observation_year,2021
empirical_model,OOT,35166,286994.0120767219,293230.70750800247,0.9787310971477624,8605.004351053694,13733.809137686743,0.03929868029732494,current_ltv_band,60-80
empirical_model,OOT,25007,343898.56785700005,353659.3586639671,0.9724005867006014,11251.262437415418,15533.096905508863,0.03357314065430917,current_ltv_band,80-100
empirical_model,OOT,57211,181617.3209319886,183693.75909447885,0.9886961964700048,6669.7032262660005,9657.943070266281,0.05318795126384706,current_ltv_band,<=60
empirical_model,OOT,1407,319534.63797441364,329032.04118043714,0.9711353241710121,10756.169511373602,16831.438112668795,0.03430986721297001,current_ltv_band,>100
empirical_model,OOT,15598,174072.44100269268,177345.50279229687,0.981544151173444,6586.665443070619,10933.132318081438,0.07452033846759389,current_ltv_band,UNKNOWN
empirical_model,OUT_OF_TIME,3130,308505.1523194888,322519.56510426727,0.9565470926384024,14871.308426274089,18415.43499462756,0.04806074873439835,current_ltv_band,60-80
empirical_model,OUT_OF_TIME,3336,353823.84666067146,371868.9100098498,0.9514746652289368,18681.638954842456,21548.48096864416,0.05340064976625169,current_ltv_band,80-100
empirical_model,OUT_OF_TIME,4289,191383.57327349033,194058.0527935493,0.9862181471907057,9606.92902038885,13868.949299494852,0.062994391357106,current_ltv_band,<=60
empirical_model,OUT_OF_TIME,122,347843.75032786885,369102.5525039996,0.9424040770460389,21258.802176130732,23589.542172053883,0.06066817346133723,current_ltv_band,>100
empirical_model,OUT_OF_TIME,1150,183887.8260608696,190936.97237799465,0.9630812920654781,10487.571524374007,14217.472005668391,0.07179204803949923,current_ltv_band,UNKNOWN
empirical_model,TRAIN,77377,213596.3028375357,214052.96649941985,0.9978665856897369,4719.95358952375,10253.846540167193,0.03646433415925317,current_ltv_band,60-80
empirical_model,TRAIN,34733,220330.32930671118,220619.26574365687,0.9986903390509811,3853.20968815365,6581.380188879521,0.021088048164374557,current_ltv_band,80-100
empirical_model,TRAIN,68043,175588.6350935438,176215.1587712854,0.9964445528857435,6594.367409525799,12208.703744706843,0.09406779470651527,current_ltv_band,<=60
empirical_model,TRAIN,2324,189723.26461703956,190271.9658002569,0.9971162268655313,3771.840780114195,5605.177760524303,0.02240769245477639,current_ltv_band,>100
empirical_model,TRAIN,303178,174098.32667997017,173803.85925934152,1.0016942513352898,6665.578538240836,12982.596696523511,0.10997100233081804,current_ltv_band,UNKNOWN
empirical_model,VALIDATION,106560,229648.5549710961,233120.36884760656,0.9851072049444979,6993.078844067794,10352.482544095816,0.047778128053442726,current_ltv_band,60-80
empirical_model,VALIDATION,46076,246438.9617883497,251108.0782321547,0.9814059488779636,6615.241762108209,8745.41233894869,0.03373018771836726,current_ltv_band,80-100
empirical_model,VALIDATION,116493,173756.83545552095,173674.2088544295,1.0004757563119846,8393.756086285466,12936.45292265127,0.07806007055662684,current_ltv_band,<=60
empirical_model,VALIDATION,1263,217630.15783056212,220847.01386706383,0.9854340070976099,6148.652864933309,8731.401796592116,0.02885197144374953,current_ltv_band,>100
empirical_model,VALIDATION,31606,188034.05058881224,189994.28829793652,0.9896826492696961,7121.5418420229025,10984.683508560282,0.05698590465178737,current_ltv_band,UNKNOWN
empirical_model,OOT,58911,165492.98001256134,168228.52615064615,0.9837391065553581,5958.379453984084,8142.29343370415,0.041628868114188526,balance_band,100k-250k
empirical_model,OOT,41631,342099.8990079508,349690.5536381396,0.9782932236767149,10300.34050448037,13312.0903089339,0.030517097070382252,balance_band,250k-500k
empirical_model,OOT,22410,63740.80607630523,63171.307495537534,1.0090151463274355,3779.7042345153113,6114.730109254272,0.10615726289175273,balance_band,<=100k
empirical_model,OOT,11437,596994.782550494,612927.3747346764,0.9740057422119882,19138.436013977192,26686.36343306428,0.0332072031678998,balance_band,>500k
empirical_model,OUT_OF_TIME,4917,170765.89983526542,176395.08993408654,0.9680876032267985,8819.358885074302,10525.443379017588,0.05228378181308077,balance_band,100k-250k
empirical_model,OUT_OF_TIME,4119,346235.9814251032,361048.2560165519,0.9589742524867101,16670.190965845326,18811.679975042287,0.04821662910465283,balance_band,250k-500k
empirical_model,OUT_OF_TIME,1635,65801.02943730887,64011.702439682034,1.02795312309203,5679.03923590823,8336.442104316084,0.10033206385247391,balance_band,<=100k
empirical_model,OUT_OF_TIME,1356,624884.1758038347,654728.8963229862,0.9544166743109063,32015.493538068557,34562.58784580566,0.05110040901283361,balance_band,>500k
empirical_model,TRAIN,245423,149898.67156069318,149719.69795274452,1.0011953911903104,5512.636836878964,9737.917187609217,0.09759184919363993,balance_band,100k-250k
empirical_model,TRAIN,134123,306913.26482340833,307034.04031369847,0.9996066381103322,8576.54479975289,15879.854036652538,0.06791579861055952,balance_band,250k-500k
empirical_model,TRAIN,95962,62590.24225568454,62681.064563123895,0.998551040763708,3393.5811286676803,5926.713658926352,0.10338866038492069,balance_band,<=100k
empirical_model,TRAIN,10147,531433.6244801419,533307.1398409354,0.9964869861645725,14632.682548293964,32152.341031335854,0.03611998557592213,balance_band,>500k
empirical_model,VALIDATION,146627,162638.09754144872,163259.30667412738,0.9961949542397689,6417.0077735669565,9943.623448279348,0.05051080152198048,balance_band,100k-250k
empirical_model,VALIDATION,89807,331204.4084618126,336865.70051542664,0.9831942164341698,10332.340366155837,14118.663682290131,0.050176891436343386,balance_band,250k-500k
empirical_model,VALIDATION,56815,65344.13311467042,64190.07148384827,1.017978818283643,4259.069888452548,6614.674325232777,0.09515530360712685,balance_band,<=100k
empirical_model,VALIDATION,8749,569374.8067436278,581666.698629834,0.9788678088067259,17127.356618037564,19898.54757105741,0.030015518475235602,balance_band,>500k
