year,zip_file,members,orig_file,perf_file,orig_sampled_column_count,perf_sampled_column_count,orig_sample_rows_checked,perf_sample_rows_checked,orig_consistent,perf_consistent
2012,data/download/sample_2012.zip,sample_orig_2012.txt;sample_perf_2012.txt,sample_orig_2012.txt,sample_perf_2012.txt,31,35,100,100,True,True
2013,data/download/sample_2013.zip,sample_orig_2013.txt;sample_perf_2013.txt,sample_orig_2013.txt,sample_perf_2013.txt,31,35,100,100,True,True
2014,data/download/sample_2014.zip,sample_orig_2014.txt;sample_perf_2014.txt,sample_orig_2014.txt,sample_perf_2014.txt,31,35,100,100,True,True
2015,data/download/sample_2015.zip,sample_orig_2015.txt;sample_perf_2015.txt,sample_orig_2015.txt,sample_perf_2015.txt,31,35,100,100,True,True
2016,data/download/sample_2016.zip,sample_orig_2016.txt;sample_perf_2016.txt,sample_orig_2016.txt,sample_perf_2016.txt,31,35,100,100,True,True
2017,data/download/sample_2017.zip,sample_orig_2017.txt;sample_perf_2017.txt,sample_orig_2017.txt,sample_perf_2017.txt,31,35,100,100,True,True
2018,data/download/sample_2018.zip,sample_orig_2018.txt;sample_perf_2018.txt,sample_orig_2018.txt,sample_perf_2018.txt,31,35,100,100,True,True
2019,data/download/sample_2019.zip,sample_orig_2019.txt;sample_perf_2019.txt,sample_orig_2019.txt,sample_perf_2019.txt,31,35,100,100,True,True
2020,data/download/sample_2020.zip,sample_orig_2020.txt;sample_perf_2020.txt,sample_orig_2020.txt,sample_perf_2020.txt,31,35,100,100,True,True
2021,data/download/sample_2021.zip,sample_orig_2021.txt;sample_perf_2021.txt,sample_orig_2021.txt,sample_perf_2021.txt,31,35,100,100,True,True
2022,data/download/sample_2022.zip,sample_orig_2022.txt;sample_perf_2022.txt,sample_orig_2022.txt,sample_perf_2022.txt,31,35,100,100,True,True
2023,data/download/sample_2023.zip,sample_orig_2023.txt;sample_perf_2023.txt,sample_orig_2023.txt,sample_perf_2023.txt,31,35,100,100,True,True
2024,data/download/sample_2024.zip,sample_orig_2024.txt;sample_perf_2024.txt,sample_orig_2024.txt,sample_perf_2024.txt,31,35,100,100,True,True
2025,data/download/sample_2025.zip,sample_orig_2025.txt;sample_perf_2025.txt,sample_orig_2025.txt,sample_perf_2025.txt,31,35,100,100,True,True
2026,data/download/sample_2026.zip,sample_orig_2026.txt;sample_perf_2026.txt,sample_orig_2026.txt,sample_perf_2026.txt,31,35,100,100,True,True
