date,split,rows,realized_lgd,predicted_lgd,cure_rate,cure_lgd,non_cure_lgd,average_ltv,average_current_upb_ratio,delinquency_default_share,credit_event_default_share,r5_share,unemployment_rate,house_price_index_yoy,real_gdp_yoy,mortgage_rate,systematic_factor,structural_oe_ratio,stress_index
2012-06-30,TRAIN,2,0.23754745404003905,0.38272179599054884,0.5,0.012022715857128411,0.4630721922229497,,1.0,1.0,0.0,0.0,8.2,0.2062676927891749,2.403335839137921,3.794615384615384,1.078544632826108,0.620679189240388,2.485199382794904
2012-09-30,TRAIN,10,0.3715539369274875,0.3827379864738448,0.3,0.006192148089394005,0.528137560715242,,0.7946988912512254,0.9,0.1,0.2,8.033333333333333,2.127815029991642,2.5737123144880414,3.553846153846154,0.7767799452204162,0.9707788358051531,2.0615329164832197
2012-12-31,TRAIN,16,0.3132869562912557,0.3706847492494381,0.25,0.0,0.41771594172167426,,0.9324782378105798,1.0,0.0625,0.875,7.8,5.256165225107523,1.551852007332477,3.3592307692307695,0.731650118969239,0.8451573929750242,1.5022802514449887
2013-03-31,TRAIN,38,0.2425689761349264,0.37328548575436693,0.4473684210526316,0.02170862156229467,0.4213606917413426,,0.9721194733474301,1.0,0.0,0.7631578947368421,7.733333333333333,8.269347868058752,1.700868485709428,3.496923076923077,0.7730011805152445,0.6498216121227496,0.8091996783644075
2013-06-30,TRAIN,32,0.3620616656337296,0.3654356672444691,0.375,0.2492113298951404,0.42977186707688314,,0.95834438532487,0.96875,0.03125,0.6875,7.533333333333334,9.1264207906268,1.5199382041070075,3.672307692307693,0.8912179851746487,0.9907671803461857,0.5338217167068712
2013-09-30,TRAIN,52,0.24861780622810475,0.36420438027984364,0.5192307692307693,0.07349801460151285,0.437747181184824,,0.9633694959602815,1.0,0.019230769230769232,0.8076923076923077,7.233333333333333,10.15616886638526,2.237022493295515,4.4399999999999995,0.944337786560312,0.6826326636628433,0.10385227887607584
2013-12-31,TRAIN,59,0.3905650646816996,0.37057299067621674,0.3898305084745763,0.1922415981542047,0.5172717238520437,,0.9465933678541977,0.9830508474576272,0.01694915254237288,0.7966101694915254,6.933333333333334,10.751450441791288,3.0091449601746367,4.2930769230769235,0.9229784799880018,1.0539490856281823,-0.3811858289766001
2014-03-31,TRAIN,68,0.2827593114885958,0.36741003426567154,0.47058823529411764,0.12491648671506196,0.4230640446206258,,0.9728761149110849,1.0,0.0,0.8529411764705882,6.666666666666667,9.830455000617278,1.6508175559380112,4.364615384615385,0.9462061285258332,0.7696014945637946,-0.024987564148089114
2014-06-30,TRAIN,71,0.349830070970401,0.3764199954513945,0.4788732394366197,0.0635568991115276,0.6128919045704467,,0.9481085487394766,0.9859154929577465,0.014084507042253521,0.7605633802816901,6.2,7.066399262832679,2.6891521587272926,4.227692307692307,0.9367921182874198,0.9293610201309644,0.029996743296391015
2014-09-30,TRAIN,86,0.3657937508734449,0.376456228462078,0.4186046511627907,0.15966886321936602,0.5142036699843817,,0.9440556567926717,1.0,0.0,0.7674418604651163,6.066666666666666,5.12464358366802,3.059782928201682,4.135384615384615,0.8896052745244273,0.9716767135658982,0.28082045266884686
2014-12-31,TRAIN,96,0.2785649536356395,0.3779731840835358,0.6041666666666666,0.08291906399605917,0.5771823641381569,,0.948694738615262,1.0,0.0,0.84375,5.7,4.558686368902465,2.6858351011456394,3.963571428571429,0.8450812585506701,0.7369966054895415,0.27028673044255813
2015-03-31,TRAIN,103,0.34823585557963327,0.3774807730403611,0.6213592233009708,0.23020556849698015,0.5419265830998845,,0.9301389996215992,1.0,0.009708737864077669,0.8058252427184466,5.533333333333334,4.267649171011989,3.9692994988184793,3.716666666666667,0.7951735699162109,0.9225260740429794,-0.07772306768439882
2015-06-30,TRAIN,102,0.39411663014461756,0.3790370329367958,0.5392156862745098,0.21508105361387164,0.6036263473614479,,0.9376574003037693,1.0,0.0,0.8921568627450981,5.433333333333334,4.3343991802631265,3.2790878609270546,3.819230769230769,0.8403908138995194,1.0397839680492018,0.007342712993803124
2015-09-30,TRAIN,143,0.42853231696993216,0.37832243778390734,0.4755244755244755,0.2735545264335879,0.5690455137228841,,0.892740746056325,0.993006993006993,0.013986013986013986,0.8391608391608392,5.1000000000000005,4.508531593401099,2.4473213664345517,3.954615384615384,0.8609173068247159,1.132717159151697,-0.008980449985760197
2015-12-31,TRAIN,163,0.3764856892131079,0.37811209361099746,0.5705521472392638,0.22944067611670715,0.5718454923268974,,0.9295344844254576,0.9938650306748467,0.012269938650306749,0.8159509202453987,5.033333333333333,5.047351420542623,2.119861312664817,3.8978571428571422,0.8438302515228587,0.9956986184113888,-0.0849093753061319
2016-03-31,TRAIN,150,0.34281360584460385,0.38081445136044595,0.5466666666666666,0.17245742765921288,0.5482431148328695,,0.9385476334553338,0.9933333333333333,0.006666666666666667,0.84,4.8999999999999995,5.179204922270997,1.7950168913805964,3.7384615384615385,0.8061048526954175,0.9002116506343564,-0.12271582547173615
2016-06-30,TRAIN,136,0.33194056395572263,0.3832154072563319,0.5882352941176471,0.16059388414112802,0.5767215351194291,,0.8873525643202751,1.0,0.007352941176470588,0.9117647058823529,4.933333333333334,4.943703769838592,1.493250832714721,3.589230769230769,0.7877278712298103,0.8661983773885384,-0.00436243198991032
2016-09-30,TRAIN,168,0.34401272781096215,0.38322496991596633,0.5892857142857143,0.1875359642798474,0.5685228667903877,,0.9069404652831669,1.0,0.0,0.8630952380952381,4.8999999999999995,4.988129403800512,1.8057615310855144,3.446153846153846,0.7779913299437422,0.8976782694676637,-0.12570523790504712
2016-12-31,TRAIN,214,0.30767924390345985,0.38198281126050726,0.6542056074766355,0.1622702974581587,0.5827772506918674,,0.9042924223945166,1.0,0.0,0.8644859813084113,4.766666666666667,5.206950978730851,2.1815663030564147,3.842307692307693,0.313868892592461,0.8054792907778948,-0.02308452973792715
2017-03-31,TRAIN,199,0.3044947254356935,0.3829813043244158,0.6482412060301508,0.17331352209808062,0.5462429430150086,,0.9072495931744369,0.9949748743718593,0.005025125628140704,0.8793969849246231,4.566666666666666,5.556989655499667,2.0874616941966906,4.173076923076923,0.2410511094904998,0.795064202867099,-0.08732096492016125
2017-06-30,TRAIN,181,0.3709337561052784,0.3879055186344096,0.6464088397790055,0.19377618525120738,0.6947999403228768,65.54545454545455,0.8721115683455612,1.0,0.0055248618784530384,0.8839779005524862,4.366666666666667,5.655530320404223,2.3304137937582903,3.98,0.1905202945638584,0.9562476899300661,-0.28559801821633707
2017-09-30,TRAIN,222,0.358528898726826,0.38528723167437817,0.6216216216216216,0.16706411342905758,0.6730781888588739,66.7936507936508,0.8834863123502952,1.0,0.0,0.8828828828828829,4.333333333333333,5.816773012352816,2.410821412174591,3.883846153846154,0.1660321896206319,0.9305496503705403,-0.36170497443358113
2017-12-31,TRAIN,690,0.22831149550359447,0.38276986987212575,0.8507246376811595,0.13554505455345323,0.7569901444136228,67.97235023041475,0.9234538259600624,1.0,0.0014492753623188406,0.6347826086956522,4.166666666666667,6.098785852988509,2.9941434967617697,3.922307692307693,0.6438440083601765,0.5964719625916948,-0.8820440117012218
2018-03-31,TRAIN,346,0.2675585750340891,0.3841455934184594,0.7774566473988439,0.13731271469205072,0.7225733338913399,65.82211538461539,0.8961851651081529,1.0,0.0,0.9017341040462428,4.033333333333333,6.358619523957665,3.328810094759116,4.282307692307692,0.7306030432362827,0.696503043684874,-1.0641507291764034
2018-06-30,TRAIN,239,0.34229603382247,0.38477804241133373,0.6652719665271967,0.1472065466180498,0.7300363896412551,66.15028901734104,0.8706390782960247,1.0,0.0,0.8870292887029289,3.9333333333333336,6.253424381773276,3.2989628465220244,4.544615384615384,0.7007187913019832,0.8895934697244241,-1.02720923240949
2018-09-30,TRAIN,264,0.3230119215852765,0.3841667716156491,0.7234848484848485,0.1824170025528464,0.6908698604235526,63.41203703703704,0.8941123523494868,0.9962121212121212,0.003787878787878788,0.9090909090909091,3.766666666666667,5.657686049146227,3.130030640718684,4.566923076923077,0.6976294661686686,0.8408117136909571,-0.9518428138614317
2018-12-31,TRAIN,302,0.37457248805137217,0.38622599304148597,0.6854304635761589,0.21889661652409653,0.7137820186423831,66.75102040816327,0.8709381154335583,1.0,0.0,0.8940397350993378,3.8333333333333335,4.914297020650915,2.125110751484538,4.7846153846153845,0.6949784446808854,0.9698272379382242,-0.4873989231493531
2019-03-31,VALIDATION,332,0.29669441114339695,0.38912943251701315,0.7078313253012049,0.1163647003558402,0.7335756692369622,64.16666666666667,0.8620720638094781,1.0,0.0,0.9337349397590361,3.8666666666666663,3.855693005279881,1.9335587266003704,4.373846153846154,0.7103434880494464,0.7624568751437869,-0.2890763747203802
2019-06-30,VALIDATION,307,0.2910422883546958,0.38088079976789246,0.758957654723127,0.14471545255019838,0.7517740821715594,62.957364341085274,0.9133644757221898,1.0,0.0,0.8892508143322475,3.6333333333333337,3.3799289944727695,2.242125694698238,4.010769230769231,-1.4720710592788202,0.7641295873461095,0.6460577260633025
2019-09-30,VALIDATION,338,0.24863349689396413,0.38233215821112176,0.7810650887573964,0.14402582501248426,0.6218284344170816,62.96013289036545,0.9188149471498035,1.0,0.0,0.9260355029585798,3.6,3.125665056721716,2.797216868642849,3.6584615384615384,-2.2193133986151987,0.6503075704049724,0.8655005443431845
2019-12-31,VALIDATION,392,0.2809292515047685,0.38142829411826,0.7474489795918368,0.12143230300533864,0.7529757758515658,64.62295081967213,0.9152858455473927,0.9974489795918368,0.002551020408163265,0.8826530612244898,3.6,3.432724198478243,3.3517765241980912,3.7,-2.413324237657588,0.7365191723759951,0.7802744995784797
2020-03-31,VALIDATION,353,0.3098294645212047,0.3793615126065692,0.7337110481586402,0.15333604734563813,0.7410187735474999,64.86377708978328,0.9223649293534354,1.0,0.0,0.9235127478753541,3.8333333333333335,4.297283878266955,1.3585350290757248,3.5215384615384617,-2.5406346252851675,0.8167129617139752,1.2197213404378306
2020-06-30,VALIDATION,5622,0.41030093641693965,0.39287939023381047,0.9009249377445749,0.3514546279708075,0.945411443202683,61.275401586994384,0.9123690767392696,0.9998221273568125,0.00017787264318747776,0.2938456065457133,13.0,4.445818479676045,-7.39861495878491,3.23923076923077,-1.7848553921941683,1.044343242776775,7.879571584908471
2020-09-30,VALIDATION,4444,0.4339863624780026,0.3869550003728652,0.898064806480648,0.3732559807111935,0.969030410229294,62.92432694639825,0.9116832671305826,1.0,0.0,0.9167416741674167,8.799999999999999,5.906844636564279,-1.3646720997737227,2.9523076923076923,-0.6026954793674083,1.1215422001520037,3.194561998885873
2020-12-31,VALIDATION,1435,0.3800474813946099,0.3868410439723463,0.8815331010452961,0.3070119927329525,0.9235174411416491,60.67219291635268,0.9168916351077078,0.9993031358885017,0.0006968641114982578,0.8111498257839721,6.766666666666667,9.452776983121502,-0.9222152417236896,2.7607142857142857,-0.1779080406420236,0.9824383614831159,0.9704862229201406
2021-03-31,VALIDATION,1067,0.36646588074365427,0.3848274607950946,0.8687910028116214,0.28472088533269263,0.9077345289290931,60.175025588536336,0.9239990151966543,1.0,0.0,0.8003748828491096,6.233333333333333,12.334300515223353,1.8007541764505586,2.875833333333333,0.1943405896878194,0.952286201162715,-0.7185040265712144
2021-06-30,VALIDATION,660,0.33833846444912113,0.3849867205648327,0.8378787878787879,0.22196288882396342,0.9397935422127865,55.24252491694352,0.9171595833055154,1.0,0.0,0.8151515151515152,5.933333333333334,16.91768041024766,12.385669309432568,3.003846153846154,0.3847440187083991,0.8788315190527308,-4.342235531477293
2021-09-30,VALIDATION,505,0.33255884693384435,0.3850995611973742,0.8514851485148515,0.24035482061078006,0.861195264519413,49.86550976138829,0.9121987823983498,1.0,0.0,0.7920792079207921,5.066666666666666,19.815851908044955,5.1508109950936465,2.8721428571428573,0.4231748354699355,0.8635658942322157,-3.810689031675691
2021-12-31,VALIDATION,548,0.2855174749028418,0.382032789829264,0.8558394160583942,0.19199669499858354,0.84072311762559,55.01434426229508,0.921190198438159,1.0,0.0,0.822992700729927,4.166666666666667,18.90980164634113,5.756179192135091,3.079230769230769,0.4578535122124644,0.7473637931195479,-4.242511971068951
2022-03-31,OOT,478,0.2846537425418075,0.3795032901351165,0.8556485355648535,0.18594740186645883,0.869739153211628,53.30456852791878,0.9153638224586216,1.0,0.0,0.8158995815899581,3.8666666666666663,20.029094728768793,4.034582077886428,3.822307692307692,,0.7500692350795186,-4.016935242117892
2022-06-30,OOT,423,0.2506176799600139,0.38216502263754254,0.8841607565011821,0.17131904826479055,0.8558766239194737,47.55040871934605,0.9126834328118326,1.0,0.0,0.8297872340425532,3.6333333333333337,19.5165270544142,2.4537929303342976,5.266153846153846,,0.6557839287079594,-3.408436692111755
2022-09-30,OOT,460,0.28809986285499245,0.3830938185298367,0.8173913043478261,0.16456445983960263,0.8410678573048326,50.541966426858515,0.9153097476281189,1.0,0.0,0.8217391304347826,3.533333333333333,13.05741498490387,2.3489732641040373,5.623076923076923,,0.7520347468946545,-2.0309151143961373
2022-12-31,OOT,528,0.24230053161766116,0.38105878881317645,0.8484848484848485,0.13758514917897818,0.8287066732742858,56.897550111358576,0.9148516034065776,1.0,0.0,0.7992424242424242,3.5666666666666664,7.413705439688312,1.3170742821654535,6.664615384615384,,0.635861286318356,-0.4079948135254347
2023-03-31,OOT,537,0.19797741800469118,0.38048938610254374,0.8547486033519553,0.09947709748152916,0.7776139195448369,56.0,0.9277904024294128,1.0,0.0,0.8621973929236499,3.533333333333333,2.279970041823365,2.311146228623828,6.372307692307692,,0.5203231029191845,0.3578307692603337
2023-06-30,OOT,447,0.23210960106368878,0.38348904440872617,0.8344519015659956,0.11950551560154825,0.7996950588660997,53.50877192982456,0.9252712416701412,1.0,0.0,0.8165548098434005,3.533333333333333,-0.0686799688155881,2.792610476283919,6.510769230769231,,0.6052574498485652,0.7612991487142644
2023-09-30,OOT,549,0.19536150965617985,0.3806636698718954,0.848816029143898,0.0870497634600724,0.8034732413114337,55.064777327935225,0.9239689790319113,1.0,0.0,0.8542805100182149,3.6333333333333337,2.593770383075533,3.2331922827038895,7.04,,0.5132129097634265,0.26106837765643054
2023-12-31,OOT,624,0.16963778624025644,0.38362934375493574,0.8509615384615384,0.06438251320098946,0.7706114419805873,56.40585009140768,0.928665486030045,1.0,0.0,0.8605769230769231,3.8,5.208158822927533,3.390893713155063,7.303846153846154,,0.4421918943422166,-0.17646386658058422
2024-03-31,OOT,614,0.19962627794641902,0.3833002842122345,0.8273615635179153,0.08094515664106271,0.7683999536362398,57.7546468401487,0.9293505997237453,1.0,0.0,0.8648208469055375,3.8333333333333335,6.413435540258949,2.8632943527041155,6.748461538461539,,0.5208091049467768,-0.39075266127971403
2024-06-30,OOT,574,0.200403582867679,0.3844747173347705,0.8292682926829268,0.07070834402061923,0.8303518858391121,55.280155642023345,0.9337937350702229,1.0,0.0,0.867595818815331,3.9666666666666663,5.9621093668905445,3.1266315239534936,6.995384615384615,,0.5212399511127886,-0.23699509493704657
2024-09-30,OOT,720,0.15667901367281106,0.38479029733521897,0.8541666666666666,0.041258463317388264,0.8327136657545731,56.71450381679389,0.9286359493897892,1.0,0.0,0.8861111111111111,4.166666666666667,4.383695653337294,2.7913896372876,6.508461538461538,,0.4071802609313626,0.18896931206619033
2024-12-31,OOT,846,0.14857744533895947,0.3860829520941596,0.8770685579196218,0.04036502285055267,0.9206314596312465,59.62818791946309,0.9257679705386687,1.0,0.0,0.8215130023640662,4.133333333333333,3.766749241755507,2.3997884845648576,6.632307692307692,,0.38483296020468616,0.4116400179225045
2025-03-31,OOT,752,0.13957862172336985,0.38552747506703106,0.8803191489361702,0.03927492447129909,0.8773680392886015,59.76523031203566,0.9221638374010461,0.9986702127659575,0.0013297872340425532,0.901595744680851,4.133333333333334,3.859571128038364,2.0192730138857806,6.827692307692308,,0.36204584822158664,0.5161489696343052
2025-06-30,OUT_OF_TIME,577,0.1250388517914715,0.3850214243863466,0.8890814558058926,0.021442495126705652,0.9554283981824855,57.241444866920155,0.9135299657261918,1.0,0.0,0.878682842287695,4.2,2.385904417398188,2.080466508761192,6.788461538461538,,0.32475816635596433,0.8383292161142466
2025-09-30,OUT_OF_TIME,550,0.12598464100252155,0.38784352058645216,0.8745454545454545,0.006237006237006237,0.9607471384258964,58.74899598393574,0.9208015176882876,1.0,0.0,0.6545454545454545,4.333333333333333,1.4808358796628562,2.335167772142843,6.5661538461538465,,0.32483368759653924,1.000945279027387
2025-12-31,OUT_OF_TIME,374,0.11764705882352941,0.38652605015068575,0.8903743315508021,0.009009009009009009,1.0,60.4,0.9049536885999985,1.0,0.0,0.6524064171122995,4.45,1.25628244211915,1.9892996607980828,6.226428571428571,,0.30437032323607977,1.1288432760322493
2026-03-31,OUT_OF_TIME,105,0.14285714285714285,0.38972786178728513,0.8761904761904762,0.021739130434782608,1.0,61.09278350515464,0.8722880127542011,0.9904761904761905,0.009523809523809525,0.5523809523809524,4.333333333333333,0.8489303375342816,2.684743341425966,6.109166666666667,,0.36655614561915717,0.9668532518983985
