split,default_year,rows,actual_mean_lgd,lgd_v1_2_predicted_mean,lgd_v1_2_oe,forward_adjusted_predicted_mean,forward_adjusted_oe,lgd_v1_2_mae,forward_adjusted_mae,lgd_v1_2_rmse,forward_adjusted_rmse
OOT,2022,1889,0.266033025497878,0.38140845647292126,0.697501644190119,0.3809380122636197,0.6983630326547086,0.4347663957847455,0.4345768550040672,0.44962099833476193,0.44952083639051293
OOT,2023,2157,0.19618651486284225,0.38206373131688315,0.5134915952022816,0.3816022746516425,0.5141125404504918,0.41703787248783664,0.4167754256052102,0.4299431442564677,0.4297521830047389
OOT,2024,2754,0.1728785765527715,0.384789416779044,0.44928100673840216,0.38430144390317594,0.4498514884485522,0.41626585704686553,0.41598937569785915,0.42690286646550313,0.4266981260460955
OOT,2025,752,0.13957862172336988,0.38552747506703094,0.3620458482215868,0.38506220784331713,0.36248330498371006,0.41254699828152946,0.41227967463922527,0.4212447229102519,0.4210256892372103
OUT_OF_TIME,2025,1501,0.1235436176116362,0.38643040702853243,0.3197047006772276,0.3858796843106012,0.32016097927610465,0.41208423539981925,0.4116940456017552,0.4190779231966084,0.41874249170557654
OUT_OF_TIME,2026,105,0.14285714285714285,0.3897278617872852,0.3665561456191571,0.3891084135671632,0.3671396913459045,0.40989162127767553,0.40971830531297293,0.41619237047227525,0.416103299770171
TRAIN,2012,28,0.32868662778625163,0.37584926588251977,0.8745171472251594,0.3756904166433885,0.8748869101397558,0.22959365136270107,0.2296272834269977,0.2816525684338246,0.28173944565496106
TRAIN,2013,181,0.31367435985352643,0.36840455267921335,0.851439966125112,0.36837969372834795,0.8514974228868257,0.30391008607414605,0.30391690955073486,0.35272796426771263,0.35274064931806043
TRAIN,2014,321,0.31858587646187114,0.37498555553542934,0.8495950624203992,0.3748973200659018,0.8497950222900182,0.32697685965619205,0.32701979710195134,0.37128371407070815,0.37134522380928187
TRAIN,2015,511,0.3888756909352057,0.37822833041957277,1.0281506160678702,0.37802609872326154,1.0287006432851789,0.37399147303441627,0.3740795196446167,0.4138373289928179,0.4139581619264237
TRAIN,2016,668,0.3296458892848067,0.38228380186610617,0.8623067147382412,0.3820453786667905,0.8628448548053628,0.3886234978466381,0.38868905121309083,0.4179911007713477,0.41809359216925945
TRAIN,2017,1292,0.2824007799006145,0.383954453619865,0.7355059362853649,0.38361613833217767,0.7361545870525406,0.409796164297303,0.4097831229047049,0.43083354550063074,0.43086994941437845
TRAIN,2018,1151,0.32387494155985447,0.38482763254922314,0.8416104098720815,0.38441811426753764,0.8425069723287081,0.41766919478645226,0.4176909136567307,0.43917457018947365,0.43926626125239815
VALIDATION,2019,1369,0.27904668777540437,0.383396302333169,0.7278283230100496,0.3829804407148343,0.7286186397784774,0.41885325132648005,0.4187391362498831,0.4376918157961831,0.43765392642909945
VALIDATION,2020,11854,0.41252616805850584,0.3895248410327258,1.059049705186447,0.3890364521126353,1.0603792159277396,0.4783219524446142,0.4782278038447426,0.49175719039072074,0.49175501348595557
VALIDATION,2021,2780,0.3376720414526071,0.38436380700441225,0.8785219505558983,0.38392058664804785,0.8795361676245868,0.4564871767281937,0.4563311186158132,0.47142685167421217,0.4713580562046483
