feature,target,correlation,rows
unemployment_rate,cure_rate,-0.40351021379302066,56
unemployment_rate,cure_lgd,0.2717872423810962,56
unemployment_rate,non_cure_lgd,-0.2722626441899382,56
unemployment_rate,realized_lgd,0.4546798209935645,56
house_price_index_yoy,cure_rate,0.11872027762719312,56
house_price_index_yoy,cure_lgd,0.38947626836939436,56
house_price_index_yoy,non_cure_lgd,0.11631813589217024,56
house_price_index_yoy,realized_lgd,0.24624041829805512,56
real_gdp_yoy,cure_rate,0.003968334551679166,56
real_gdp_yoy,cure_lgd,-0.20439891873295138,56
real_gdp_yoy,non_cure_lgd,-0.0021043319826414253,56
real_gdp_yoy,realized_lgd,-0.15481914915535017,56
mortgage_rate,cure_rate,0.42433907084273,56
mortgage_rate,cure_lgd,-0.5816610307157062,56
mortgage_rate,non_cure_lgd,0.3849673875721186,56
mortgage_rate,realized_lgd,-0.7881982792994482,56
systematic_factor,cure_rate,-0.5104732764094405,39
systematic_factor,cure_lgd,-0.21943381313369043,39
systematic_factor,non_cure_lgd,-0.46633889770298753,39
systematic_factor,realized_lgd,0.061656434739707944,39
average_ltv,cure_rate,-0.5875416723409858,36
average_ltv,cure_lgd,0.09684978139315928,36
average_ltv,non_cure_lgd,-0.4075842125610013,36
average_ltv,realized_lgd,0.29232190560772814,36
r5_share,cure_rate,0.1708434929342298,56
r5_share,cure_lgd,0.17855378674613562,56
r5_share,non_cure_lgd,0.057814873423305324,56
r5_share,realized_lgd,0.015790250776288393,56
delinquency_default_share,cure_rate,0.4381102273500178,56
delinquency_default_share,cure_lgd,0.141659322814552,56
delinquency_default_share,non_cure_lgd,0.2519069210324264,56
delinquency_default_share,realized_lgd,-0.2146795571903826,56
